<?xml version="1.0" encoding="UTF-8"?>
<vivadoHLSLog:LogRoot xmlns:vivadoHLSLog="www.xilinx.com/vivadoHLSLog">
  <errorLogs>
    <logs>
      <synLog/>
      <simLog/>
      <mgLog/>
      <packageLog/>
      <csimLog/>
    </logs>
  </errorLogs>
  <warningLogs>
    <logs>
      <synLog>
        <logs message="WARNING: [SYN 201-103] Legalizing function name 'Block__proc4' to 'Block_proc4'." projectName="RC5key" solutionName="least_throughput" date="2018-11-19T13:59:38.382-0500" type="Warning"/>
        <logs message="WARNING: [HLS 214-114] Only function calls and local variable declarations are allowed in a dataflow region: RC5key.c:32:5" projectName="RC5key" solutionName="least_throughput" date="2018-11-19T13:59:35.718-0500" type="Warning"/>
      </synLog>
      <simLog/>
      <mgLog/>
      <packageLog>
        <logs message="WARNING: [Timing 38-242] The property HD.CLK_SRC of clock port &quot;ap_clk&quot; is not set. In out-of-context mode, this prevents timing estimation for clock delay/skew&#xD;&#xA;Resolution: Set the HD.CLK_SRC property of the out-of-context port to the location of the clock buffer instance in the top-level design&#xD;&#xA;report_utilization: Time (s): cpu = 00:00:00 ; elapsed = 00:00:00.080 . Memory (MB): peak = 1303.727 ; gain = 0.000&#xD;&#xA;&#xD;&#xA;&#xD;&#xA;Implementation tool: Xilinx Vivado v.2018.2&#xD;&#xA;Project:             RC5key&#xD;&#xA;Solution:            least_throughput&#xD;&#xA;Device target:       xc7z010clg400-1&#xD;&#xA;Report date:         Mon Nov 19 15:11:38 -0500 2018&#xD;&#xA;&#xD;&#xA;#=== Post-Implementation Resource usage ===&#xD;&#xA;SLICE:            9&#xD;&#xA;LUT:             22&#xD;&#xA;FF:              38&#xD;&#xA;DSP:              0&#xD;&#xA;BRAM:             0&#xD;&#xA;SRL:              0&#xD;&#xA;#=== Final timing ===&#xD;&#xA;CP required:    10.000&#xD;&#xA;CP achieved post-synthesis:    3.532&#xD;&#xA;CP achieved post-implementation:    3.552&#xD;&#xA;Timing met" projectName="RC5key" solutionName="least_throughput" date="2018-11-19T15:11:38.611-0500" type="Warning"/>
        <logs message="WARNING: [Timing 38-242] The property HD.CLK_SRC of clock port &quot;ap_clk&quot; is not set. In out-of-context mode, this prevents timing estimation for clock delay/skew&#xD;&#xA;Resolution: Set the HD.CLK_SRC property of the out-of-context port to the location of the clock buffer instance in the top-level design" projectName="RC5key" solutionName="least_throughput" date="2018-11-19T15:11:29.241-0500" type="Warning"/>
        <logs message="WARNING: [Route 35-198] Port &quot;ap_start&quot; does not have an associated HD.PARTPIN_LOCS, which will prevent the partial routing of the signal &quot;ap_start&quot;. Without this partial route, timing analysis to/from this port will not be accurate, and no routing information for this port can be exported.&#xD;&#xA;Phase 1 Build RT Design | Checksum: 1262908c6&#xD;&#xA;&#xD;&#xA;Time (s): cpu = 00:00:19 ; elapsed = 00:00:18 . Memory (MB): peak = 1204.434 ; gain = 49.887&#xD;&#xA;Post Restoration Checksum: NetGraph: 36cd2117 NumContArr: ef5be7af Constraints: 0 Timing: 0&#xD;&#xA;&#xD;&#xA;Phase 2 Router Initialization&#xD;&#xA;&#xD;&#xA;Phase 2.1 Create Timer&#xD;&#xA;Phase 2.1 Create Timer | Checksum: 1262908c6&#xD;&#xA;&#xD;&#xA;Time (s): cpu = 00:00:19 ; elapsed = 00:00:18 . Memory (MB): peak = 1204.434 ; gain = 49.887&#xD;&#xA;&#xD;&#xA;Phase 2.2 Fix Topology Constraints&#xD;&#xA;Phase 2.2 Fix Topology Constraints | Checksum: 1262908c6&#xD;&#xA;&#xD;&#xA;Time (s): cpu = 00:00:19 ; elapsed = 00:00:18 . Memory (MB): peak = 1210.422 ; gain = 55.875&#xD;&#xA;&#xD;&#xA;Phase 2.3 Pre Route Cleanup&#xD;&#xA;Phase 2.3 Pre Route Cleanup | Checksum: 1262908c6&#xD;&#xA;&#xD;&#xA;Time (s): cpu = 00:00:19 ; elapsed = 00:00:18 . Memory (MB): peak = 1210.422 ; gain = 55.875&#xD;&#xA; Number of Nodes with overlaps = 0&#xD;&#xA;&#xD;&#xA;Phase 2.4 Update Timing&#xD;&#xA;Phase 2.4 Update Timing | Checksum: 18fab6068&#xD;&#xA;&#xD;&#xA;Time (s): cpu = 00:00:19 ; elapsed = 00:00:18 . Memory (MB): peak = 1211.184 ; gain = 56.637" projectName="RC5key" solutionName="least_throughput" date="2018-11-19T15:11:23.836-0500" type="Warning"/>
        <logs message="WARNING: [Route 35-198] Port &quot;ap_rst&quot; does not have an associated HD.PARTPIN_LOCS, which will prevent the partial routing of the signal &quot;ap_rst&quot;. Without this partial route, timing analysis to/from this port will not be accurate, and no routing information for this port can be exported." projectName="RC5key" solutionName="least_throughput" date="2018-11-19T15:11:08.257-0500" type="Warning"/>
        <logs message="WARNING: [Route 35-197] Clock port &quot;ap_clk&quot; does not have an associated HD.CLK_SRC. Without this constraint, timing analysis may not be accurate and upstream checks cannot be done to ensure correct clock placement." projectName="RC5key" solutionName="least_throughput" date="2018-11-19T15:11:08.113-0500" type="Warning"/>
        <logs message="WARNING: [Timing 38-242] The property HD.CLK_SRC of clock port &quot;ap_clk&quot; is not set. In out-of-context mode, this prevents timing estimation for clock delay/skew&#xD;&#xA;Resolution: Set the HD.CLK_SRC property of the out-of-context port to the location of the clock buffer instance in the top-level design" projectName="RC5key" solutionName="least_throughput" date="2018-11-19T15:09:03.970-0500" type="Warning"/>
        <logs message="WARNING: [Constraints 18-5210] No constraint will be written out." projectName="RC5key" solutionName="least_throughput" date="2018-11-19T15:08:23.089-0500" type="Warning"/>
        <logs message="WARNING: [Synth 8-3332] Sequential element (Block_proc4_U0/A_1_reg_537_reg[4]) is unused and will be removed from module RC5_SETUP." projectName="RC5key" solutionName="least_throughput" date="2018-11-19T15:08:13.321-0500" type="Warning"/>
        <logs message="WARNING: [Synth 8-3332] Sequential element (Block_proc4_U0/A_1_reg_537_reg[5]) is unused and will be removed from module RC5_SETUP." projectName="RC5key" solutionName="least_throughput" date="2018-11-19T15:08:13.182-0500" type="Warning"/>
        <logs message="WARNING: [Synth 8-3332] Sequential element (Block_proc4_U0/A_1_reg_537_reg[6]) is unused and will be removed from module RC5_SETUP." projectName="RC5key" solutionName="least_throughput" date="2018-11-19T15:08:13.055-0500" type="Warning"/>
        <logs message="WARNING: [Synth 8-3332] Sequential element (Block_proc4_U0/A_1_reg_537_reg[7]) is unused and will be removed from module RC5_SETUP." projectName="RC5key" solutionName="least_throughput" date="2018-11-19T15:08:12.961-0500" type="Warning"/>
        <logs message="WARNING: [Synth 8-3332] Sequential element (Block_proc4_U0/A_1_reg_537_reg[8]) is unused and will be removed from module RC5_SETUP." projectName="RC5key" solutionName="least_throughput" date="2018-11-19T15:08:12.852-0500" type="Warning"/>
        <logs message="WARNING: [Synth 8-3332] Sequential element (Block_proc4_U0/A_1_reg_537_reg[9]) is unused and will be removed from module RC5_SETUP." projectName="RC5key" solutionName="least_throughput" date="2018-11-19T15:08:12.756-0500" type="Warning"/>
        <logs message="WARNING: [Synth 8-3332] Sequential element (Block_proc4_U0/A_1_reg_537_reg[10]) is unused and will be removed from module RC5_SETUP." projectName="RC5key" solutionName="least_throughput" date="2018-11-19T15:08:12.656-0500" type="Warning"/>
        <logs message="WARNING: [Synth 8-3332] Sequential element (Block_proc4_U0/A_1_reg_537_reg[11]) is unused and will be removed from module RC5_SETUP." projectName="RC5key" solutionName="least_throughput" date="2018-11-19T15:08:12.562-0500" type="Warning"/>
        <logs message="WARNING: [Synth 8-3332] Sequential element (Block_proc4_U0/A_1_reg_537_reg[12]) is unused and will be removed from module RC5_SETUP." projectName="RC5key" solutionName="least_throughput" date="2018-11-19T15:08:12.453-0500" type="Warning"/>
        <logs message="WARNING: [Synth 8-3332] Sequential element (Block_proc4_U0/A_1_reg_537_reg[13]) is unused and will be removed from module RC5_SETUP." projectName="RC5key" solutionName="least_throughput" date="2018-11-19T15:08:12.359-0500" type="Warning"/>
        <logs message="WARNING: [Synth 8-3332] Sequential element (Block_proc4_U0/A_1_reg_537_reg[14]) is unused and will be removed from module RC5_SETUP." projectName="RC5key" solutionName="least_throughput" date="2018-11-19T15:08:12.200-0500" type="Warning"/>
        <logs message="WARNING: [Synth 8-3332] Sequential element (Block_proc4_U0/A_1_reg_537_reg[15]) is unused and will be removed from module RC5_SETUP." projectName="RC5key" solutionName="least_throughput" date="2018-11-19T15:08:12.026-0500" type="Warning"/>
        <logs message="WARNING: [Synth 8-3332] Sequential element (Block_proc4_U0/A_1_reg_537_reg[16]) is unused and will be removed from module RC5_SETUP." projectName="RC5key" solutionName="least_throughput" date="2018-11-19T15:08:11.916-0500" type="Warning"/>
        <logs message="WARNING: [Synth 8-3332] Sequential element (Block_proc4_U0/A_1_reg_537_reg[17]) is unused and will be removed from module RC5_SETUP." projectName="RC5key" solutionName="least_throughput" date="2018-11-19T15:08:11.823-0500" type="Warning"/>
        <logs message="WARNING: [Synth 8-3332] Sequential element (Block_proc4_U0/A_1_reg_537_reg[18]) is unused and will be removed from module RC5_SETUP." projectName="RC5key" solutionName="least_throughput" date="2018-11-19T15:08:11.713-0500" type="Warning"/>
        <logs message="WARNING: [Synth 8-3332] Sequential element (Block_proc4_U0/A_1_reg_537_reg[19]) is unused and will be removed from module RC5_SETUP." projectName="RC5key" solutionName="least_throughput" date="2018-11-19T15:08:11.632-0500" type="Warning"/>
        <logs message="WARNING: [Synth 8-3332] Sequential element (Block_proc4_U0/A_1_reg_537_reg[20]) is unused and will be removed from module RC5_SETUP." projectName="RC5key" solutionName="least_throughput" date="2018-11-19T15:08:11.523-0500" type="Warning"/>
        <logs message="WARNING: [Synth 8-3332] Sequential element (Block_proc4_U0/A_1_reg_537_reg[21]) is unused and will be removed from module RC5_SETUP." projectName="RC5key" solutionName="least_throughput" date="2018-11-19T15:08:11.394-0500" type="Warning"/>
        <logs message="WARNING: [Synth 8-3332] Sequential element (Block_proc4_U0/A_1_reg_537_reg[22]) is unused and will be removed from module RC5_SETUP." projectName="RC5key" solutionName="least_throughput" date="2018-11-19T15:08:11.301-0500" type="Warning"/>
        <logs message="WARNING: [Synth 8-3332] Sequential element (Block_proc4_U0/A_1_reg_537_reg[23]) is unused and will be removed from module RC5_SETUP." projectName="RC5key" solutionName="least_throughput" date="2018-11-19T15:08:11.207-0500" type="Warning"/>
        <logs message="WARNING: [Synth 8-3332] Sequential element (Block_proc4_U0/A_1_reg_537_reg[24]) is unused and will be removed from module RC5_SETUP." projectName="RC5key" solutionName="least_throughput" date="2018-11-19T15:08:11.113-0500" type="Warning"/>
        <logs message="WARNING: [Synth 8-3332] Sequential element (Block_proc4_U0/A_1_reg_537_reg[25]) is unused and will be removed from module RC5_SETUP." projectName="RC5key" solutionName="least_throughput" date="2018-11-19T15:08:11.020-0500" type="Warning"/>
        <logs message="WARNING: [Synth 8-3332] Sequential element (Block_proc4_U0/A_1_reg_537_reg[26]) is unused and will be removed from module RC5_SETUP." projectName="RC5key" solutionName="least_throughput" date="2018-11-19T15:08:10.920-0500" type="Warning"/>
        <logs message="WARNING: [Synth 8-3332] Sequential element (Block_proc4_U0/A_1_reg_537_reg[27]) is unused and will be removed from module RC5_SETUP." projectName="RC5key" solutionName="least_throughput" date="2018-11-19T15:08:10.825-0500" type="Warning"/>
        <logs message="WARNING: [Synth 8-3332] Sequential element (Block_proc4_U0/A_1_reg_537_reg[28]) is unused and will be removed from module RC5_SETUP." projectName="RC5key" solutionName="least_throughput" date="2018-11-19T15:08:10.747-0500" type="Warning"/>
        <logs message="WARNING: [Synth 8-3332] Sequential element (Block_proc4_U0/A_1_reg_537_reg[29]) is unused and will be removed from module RC5_SETUP." projectName="RC5key" solutionName="least_throughput" date="2018-11-19T15:08:10.651-0500" type="Warning"/>
        <logs message="WARNING: [Synth 8-3332] Sequential element (Block_proc4_U0/A_1_reg_537_reg[30]) is unused and will be removed from module RC5_SETUP." projectName="RC5key" solutionName="least_throughput" date="2018-11-19T15:08:10.553-0500" type="Warning"/>
        <logs message="WARNING: [Synth 8-3332] Sequential element (Block_proc4_U0/A_1_reg_537_reg[31]) is unused and will be removed from module RC5_SETUP." projectName="RC5key" solutionName="least_throughput" date="2018-11-19T15:08:10.462-0500" type="Warning"/>
        <logs message="WARNING: [Synth 8-3332] Sequential element (Block_proc4_U0/tmp_12_reg_511_reg[0]) is unused and will be removed from module RC5_SETUP." projectName="RC5key" solutionName="least_throughput" date="2018-11-19T15:08:10.362-0500" type="Warning"/>
        <logs message="WARNING: [Synth 8-3332] Sequential element (Block_proc4_U0/tmp_12_reg_511_reg[1]) is unused and will be removed from module RC5_SETUP." projectName="RC5key" solutionName="least_throughput" date="2018-11-19T15:08:10.259-0500" type="Warning"/>
        <logs message="WARNING: [Synth 8-3332] Sequential element (Block_proc4_U0/tmp_12_reg_511_reg[2]) is unused and will be removed from module RC5_SETUP." projectName="RC5key" solutionName="least_throughput" date="2018-11-19T15:08:10.171-0500" type="Warning"/>
        <logs message="WARNING: [Synth 8-3332] Sequential element (Block_proc4_U0/tmp_12_reg_511_reg[3]) is unused and will be removed from module RC5_SETUP." projectName="RC5key" solutionName="least_throughput" date="2018-11-19T15:08:10.052-0500" type="Warning"/>
        <logs message="WARNING: [Synth 8-3332] Sequential element (Block_proc4_U0/tmp_12_reg_511_reg[4]) is unused and will be removed from module RC5_SETUP." projectName="RC5key" solutionName="least_throughput" date="2018-11-19T15:08:09.931-0500" type="Warning"/>
        <logs message="WARNING: [Synth 8-3332] Sequential element (Block_proc4_U0/tmp_12_reg_511_reg[5]) is unused and will be removed from module RC5_SETUP." projectName="RC5key" solutionName="least_throughput" date="2018-11-19T15:08:09.835-0500" type="Warning"/>
        <logs message="WARNING: [Synth 8-3332] Sequential element (Block_proc4_U0/tmp_12_reg_511_reg[6]) is unused and will be removed from module RC5_SETUP." projectName="RC5key" solutionName="least_throughput" date="2018-11-19T15:08:09.753-0500" type="Warning"/>
        <logs message="WARNING: [Synth 8-3332] Sequential element (Block_proc4_U0/tmp_12_reg_511_reg[7]) is unused and will be removed from module RC5_SETUP." projectName="RC5key" solutionName="least_throughput" date="2018-11-19T15:08:09.618-0500" type="Warning"/>
        <logs message="WARNING: [Synth 8-3332] Sequential element (Block_proc4_U0/tmp_12_reg_511_reg[8]) is unused and will be removed from module RC5_SETUP." projectName="RC5key" solutionName="least_throughput" date="2018-11-19T15:08:09.524-0500" type="Warning"/>
        <logs message="WARNING: [Synth 8-3332] Sequential element (Block_proc4_U0/tmp_12_reg_511_reg[9]) is unused and will be removed from module RC5_SETUP." projectName="RC5key" solutionName="least_throughput" date="2018-11-19T15:08:09.430-0500" type="Warning"/>
        <logs message="WARNING: [Synth 8-3332] Sequential element (Block_proc4_U0/tmp_12_reg_511_reg[10]) is unused and will be removed from module RC5_SETUP." projectName="RC5key" solutionName="least_throughput" date="2018-11-19T15:08:09.321-0500" type="Warning"/>
        <logs message="WARNING: [Synth 8-3332] Sequential element (Block_proc4_U0/tmp_12_reg_511_reg[11]) is unused and will be removed from module RC5_SETUP." projectName="RC5key" solutionName="least_throughput" date="2018-11-19T15:08:09.238-0500" type="Warning"/>
        <logs message="WARNING: [Synth 8-3332] Sequential element (Block_proc4_U0/tmp_12_reg_511_reg[12]) is unused and will be removed from module RC5_SETUP." projectName="RC5key" solutionName="least_throughput" date="2018-11-19T15:08:09.138-0500" type="Warning"/>
        <logs message="WARNING: [Synth 8-3332] Sequential element (Block_proc4_U0/tmp_12_reg_511_reg[13]) is unused and will be removed from module RC5_SETUP." projectName="RC5key" solutionName="least_throughput" date="2018-11-19T15:08:09.032-0500" type="Warning"/>
        <logs message="WARNING: [Synth 8-3332] Sequential element (Block_proc4_U0/tmp_12_reg_511_reg[14]) is unused and will be removed from module RC5_SETUP." projectName="RC5key" solutionName="least_throughput" date="2018-11-19T15:08:08.923-0500" type="Warning"/>
        <logs message="WARNING: [Synth 8-3332] Sequential element (Block_proc4_U0/tmp_12_reg_511_reg[15]) is unused and will be removed from module RC5_SETUP." projectName="RC5key" solutionName="least_throughput" date="2018-11-19T15:08:08.835-0500" type="Warning"/>
        <logs message="WARNING: [Synth 8-3332] Sequential element (Block_proc4_U0/tmp_12_reg_511_reg[16]) is unused and will be removed from module RC5_SETUP." projectName="RC5key" solutionName="least_throughput" date="2018-11-19T15:08:08.744-0500" type="Warning"/>
        <logs message="WARNING: [Synth 8-3332] Sequential element (Block_proc4_U0/tmp_12_reg_511_reg[17]) is unused and will be removed from module RC5_SETUP." projectName="RC5key" solutionName="least_throughput" date="2018-11-19T15:08:08.667-0500" type="Warning"/>
        <logs message="WARNING: [Synth 8-3332] Sequential element (Block_proc4_U0/tmp_12_reg_511_reg[18]) is unused and will be removed from module RC5_SETUP." projectName="RC5key" solutionName="least_throughput" date="2018-11-19T15:08:08.584-0500" type="Warning"/>
        <logs message="WARNING: [Synth 8-3332] Sequential element (Block_proc4_U0/tmp_12_reg_511_reg[19]) is unused and will be removed from module RC5_SETUP." projectName="RC5key" solutionName="least_throughput" date="2018-11-19T15:08:08.474-0500" type="Warning"/>
        <logs message="WARNING: [Synth 8-3332] Sequential element (Block_proc4_U0/tmp_12_reg_511_reg[20]) is unused and will be removed from module RC5_SETUP." projectName="RC5key" solutionName="least_throughput" date="2018-11-19T15:08:08.366-0500" type="Warning"/>
        <logs message="WARNING: [Synth 8-3332] Sequential element (Block_proc4_U0/tmp_12_reg_511_reg[21]) is unused and will be removed from module RC5_SETUP." projectName="RC5key" solutionName="least_throughput" date="2018-11-19T15:08:08.287-0500" type="Warning"/>
        <logs message="WARNING: [Synth 8-3332] Sequential element (Block_proc4_U0/tmp_12_reg_511_reg[22]) is unused and will be removed from module RC5_SETUP." projectName="RC5key" solutionName="least_throughput" date="2018-11-19T15:08:08.196-0500" type="Warning"/>
        <logs message="WARNING: [Synth 8-3332] Sequential element (Block_proc4_U0/tmp_12_reg_511_reg[23]) is unused and will be removed from module RC5_SETUP." projectName="RC5key" solutionName="least_throughput" date="2018-11-19T15:08:08.116-0500" type="Warning"/>
        <logs message="WARNING: [Synth 8-3332] Sequential element (Block_proc4_U0/tmp_12_reg_511_reg[24]) is unused and will be removed from module RC5_SETUP." projectName="RC5key" solutionName="least_throughput" date="2018-11-19T15:08:07.990-0500" type="Warning"/>
        <logs message="WARNING: [Synth 8-3332] Sequential element (Block_proc4_U0/tmp_12_reg_511_reg[25]) is unused and will be removed from module RC5_SETUP." projectName="RC5key" solutionName="least_throughput" date="2018-11-19T15:08:07.867-0500" type="Warning"/>
        <logs message="WARNING: [Synth 8-3332] Sequential element (Block_proc4_U0/tmp_12_reg_511_reg[26]) is unused and will be removed from module RC5_SETUP." projectName="RC5key" solutionName="least_throughput" date="2018-11-19T15:08:07.760-0500" type="Warning"/>
        <logs message="WARNING: [Synth 8-3332] Sequential element (Block_proc4_U0/tmp_12_reg_511_reg[27]) is unused and will be removed from module RC5_SETUP." projectName="RC5key" solutionName="least_throughput" date="2018-11-19T15:08:07.672-0500" type="Warning"/>
        <logs message="WARNING: [Synth 8-3332] Sequential element (Block_proc4_U0/tmp_12_reg_511_reg[28]) is unused and will be removed from module RC5_SETUP." projectName="RC5key" solutionName="least_throughput" date="2018-11-19T15:08:07.586-0500" type="Warning"/>
        <logs message="WARNING: [Synth 8-3332] Sequential element (Block_proc4_U0/B_reg_214_reg[0]) is unused and will be removed from module RC5_SETUP." projectName="RC5key" solutionName="least_throughput" date="2018-11-19T15:08:07.504-0500" type="Warning"/>
        <logs message="WARNING: [Synth 8-3332] Sequential element (Block_proc4_U0/B_reg_214_reg[1]) is unused and will be removed from module RC5_SETUP." projectName="RC5key" solutionName="least_throughput" date="2018-11-19T15:08:07.335-0500" type="Warning"/>
        <logs message="WARNING: [Synth 8-3332] Sequential element (Block_proc4_U0/B_reg_214_reg[2]) is unused and will be removed from module RC5_SETUP." projectName="RC5key" solutionName="least_throughput" date="2018-11-19T15:08:07.251-0500" type="Warning"/>
        <logs message="WARNING: [Synth 8-3332] Sequential element (Block_proc4_U0/B_reg_214_reg[3]) is unused and will be removed from module RC5_SETUP." projectName="RC5key" solutionName="least_throughput" date="2018-11-19T15:08:07.141-0500" type="Warning"/>
        <logs message="WARNING: [Synth 8-3332] Sequential element (Block_proc4_U0/B_reg_214_reg[4]) is unused and will be removed from module RC5_SETUP." projectName="RC5key" solutionName="least_throughput" date="2018-11-19T15:08:07.059-0500" type="Warning"/>
        <logs message="WARNING: [Synth 8-3332] Sequential element (Block_proc4_U0/B_reg_214_reg[5]) is unused and will be removed from module RC5_SETUP." projectName="RC5key" solutionName="least_throughput" date="2018-11-19T15:08:06.939-0500" type="Warning"/>
        <logs message="WARNING: [Synth 8-3332] Sequential element (Block_proc4_U0/B_reg_214_reg[6]) is unused and will be removed from module RC5_SETUP." projectName="RC5key" solutionName="least_throughput" date="2018-11-19T15:08:06.796-0500" type="Warning"/>
        <logs message="WARNING: [Synth 8-3332] Sequential element (Block_proc4_U0/B_reg_214_reg[7]) is unused and will be removed from module RC5_SETUP." projectName="RC5key" solutionName="least_throughput" date="2018-11-19T15:08:06.637-0500" type="Warning"/>
        <logs message="WARNING: [Synth 8-3332] Sequential element (Block_proc4_U0/B_reg_214_reg[8]) is unused and will be removed from module RC5_SETUP." projectName="RC5key" solutionName="least_throughput" date="2018-11-19T15:08:06.535-0500" type="Warning"/>
        <logs message="WARNING: [Synth 8-3332] Sequential element (Block_proc4_U0/B_reg_214_reg[9]) is unused and will be removed from module RC5_SETUP." projectName="RC5key" solutionName="least_throughput" date="2018-11-19T15:08:06.356-0500" type="Warning"/>
        <logs message="WARNING: [Synth 8-3332] Sequential element (Block_proc4_U0/B_reg_214_reg[10]) is unused and will be removed from module RC5_SETUP." projectName="RC5key" solutionName="least_throughput" date="2018-11-19T15:08:06.261-0500" type="Warning"/>
        <logs message="WARNING: [Synth 8-3332] Sequential element (Block_proc4_U0/B_reg_214_reg[11]) is unused and will be removed from module RC5_SETUP." projectName="RC5key" solutionName="least_throughput" date="2018-11-19T15:08:06.179-0500" type="Warning"/>
        <logs message="WARNING: [Synth 8-3332] Sequential element (Block_proc4_U0/B_reg_214_reg[12]) is unused and will be removed from module RC5_SETUP." projectName="RC5key" solutionName="least_throughput" date="2018-11-19T15:08:06.093-0500" type="Warning"/>
        <logs message="WARNING: [Synth 8-3332] Sequential element (Block_proc4_U0/B_reg_214_reg[13]) is unused and will be removed from module RC5_SETUP." projectName="RC5key" solutionName="least_throughput" date="2018-11-19T15:08:06.006-0500" type="Warning"/>
        <logs message="WARNING: [Synth 8-3332] Sequential element (Block_proc4_U0/B_reg_214_reg[14]) is unused and will be removed from module RC5_SETUP." projectName="RC5key" solutionName="least_throughput" date="2018-11-19T15:08:05.920-0500" type="Warning"/>
        <logs message="WARNING: [Synth 8-3332] Sequential element (Block_proc4_U0/B_reg_214_reg[15]) is unused and will be removed from module RC5_SETUP." projectName="RC5key" solutionName="least_throughput" date="2018-11-19T15:08:05.828-0500" type="Warning"/>
        <logs message="WARNING: [Synth 8-3332] Sequential element (Block_proc4_U0/B_reg_214_reg[16]) is unused and will be removed from module RC5_SETUP." projectName="RC5key" solutionName="least_throughput" date="2018-11-19T15:08:05.736-0500" type="Warning"/>
        <logs message="WARNING: [Synth 8-3332] Sequential element (Block_proc4_U0/B_reg_214_reg[17]) is unused and will be removed from module RC5_SETUP." projectName="RC5key" solutionName="least_throughput" date="2018-11-19T15:08:05.656-0500" type="Warning"/>
        <logs message="WARNING: [Synth 8-3332] Sequential element (Block_proc4_U0/B_reg_214_reg[18]) is unused and will be removed from module RC5_SETUP." projectName="RC5key" solutionName="least_throughput" date="2018-11-19T15:08:05.592-0500" type="Warning"/>
        <logs message="WARNING: [Synth 8-3332] Sequential element (Block_proc4_U0/B_reg_214_reg[19]) is unused and will be removed from module RC5_SETUP." projectName="RC5key" solutionName="least_throughput" date="2018-11-19T15:08:05.526-0500" type="Warning"/>
        <logs message="WARNING: [Synth 8-3332] Sequential element (Block_proc4_U0/B_reg_214_reg[20]) is unused and will be removed from module RC5_SETUP." projectName="RC5key" solutionName="least_throughput" date="2018-11-19T15:08:05.410-0500" type="Warning"/>
        <logs message="WARNING: [Synth 8-3332] Sequential element (Block_proc4_U0/B_reg_214_reg[21]) is unused and will be removed from module RC5_SETUP." projectName="RC5key" solutionName="least_throughput" date="2018-11-19T15:08:05.363-0500" type="Warning"/>
        <logs message="WARNING: [Synth 8-3332] Sequential element (Block_proc4_U0/B_reg_214_reg[22]) is unused and will be removed from module RC5_SETUP." projectName="RC5key" solutionName="least_throughput" date="2018-11-19T15:08:05.312-0500" type="Warning"/>
        <logs message="WARNING: [Synth 8-3332] Sequential element (Block_proc4_U0/B_reg_214_reg[23]) is unused and will be removed from module RC5_SETUP." projectName="RC5key" solutionName="least_throughput" date="2018-11-19T15:08:05.261-0500" type="Warning"/>
        <logs message="WARNING: [Synth 8-3332] Sequential element (Block_proc4_U0/B_reg_214_reg[24]) is unused and will be removed from module RC5_SETUP." projectName="RC5key" solutionName="least_throughput" date="2018-11-19T15:08:05.189-0500" type="Warning"/>
        <logs message="WARNING: [Synth 8-3332] Sequential element (Block_proc4_U0/B_reg_214_reg[25]) is unused and will be removed from module RC5_SETUP." projectName="RC5key" solutionName="least_throughput" date="2018-11-19T15:08:05.111-0500" type="Warning"/>
        <logs message="WARNING: [Synth 8-3332] Sequential element (Block_proc4_U0/B_reg_214_reg[26]) is unused and will be removed from module RC5_SETUP." projectName="RC5key" solutionName="least_throughput" date="2018-11-19T15:08:05.033-0500" type="Warning"/>
        <logs message="WARNING: [Synth 8-3332] Sequential element (Block_proc4_U0/B_reg_214_reg[27]) is unused and will be removed from module RC5_SETUP." projectName="RC5key" solutionName="least_throughput" date="2018-11-19T15:08:04.685-0500" type="Warning"/>
        <logs message="WARNING: [Synth 8-3332] Sequential element (Block_proc4_U0/B_reg_214_reg[28]) is unused and will be removed from module RC5_SETUP." projectName="RC5key" solutionName="least_throughput" date="2018-11-19T15:08:04.624-0500" type="Warning"/>
        <logs message="WARNING: [Synth 8-3332] Sequential element (Block_proc4_U0/B_reg_214_reg[29]) is unused and will be removed from module RC5_SETUP." projectName="RC5key" solutionName="least_throughput" date="2018-11-19T15:08:04.580-0500" type="Warning"/>
        <logs message="WARNING: [Synth 8-3332] Sequential element (Block_proc4_U0/B_reg_214_reg[30]) is unused and will be removed from module RC5_SETUP." projectName="RC5key" solutionName="least_throughput" date="2018-11-19T15:08:04.503-0500" type="Warning"/>
        <logs message="WARNING: [Synth 8-3332] Sequential element (Block_proc4_U0/B_reg_214_reg[31]) is unused and will be removed from module RC5_SETUP." projectName="RC5key" solutionName="least_throughput" date="2018-11-19T15:08:04.441-0500" type="Warning"/>
        <logs message="WARNING: [Synth 8-3332] Sequential element (Block_proc4_U0/i_2_reg_203_reg[0]) is unused and will be removed from module RC5_SETUP." projectName="RC5key" solutionName="least_throughput" date="2018-11-19T15:08:04.347-0500" type="Warning"/>
        <logs message="WARNING: [Synth 8-3332] Sequential element (Block_proc4_U0/i_2_reg_203_reg[1]) is unused and will be removed from module RC5_SETUP." projectName="RC5key" solutionName="least_throughput" date="2018-11-19T15:08:04.284-0500" type="Warning"/>
        <logs message="WARNING: [Synth 8-3332] Sequential element (Block_proc4_U0/i_2_reg_203_reg[2]) is unused and will be removed from module RC5_SETUP." projectName="RC5key" solutionName="least_throughput" date="2018-11-19T15:08:04.237-0500" type="Warning"/>
        <logs message="WARNING: [Synth 8-3332] Sequential element (Block_proc4_U0/i_2_reg_203_reg[3]) is unused and will be removed from module RC5_SETUP." projectName="RC5key" solutionName="least_throughput" date="2018-11-19T15:08:04.159-0500" type="Warning"/>
        <logs message="WARNING: [Synth 8-3332] Sequential element (Block_proc4_U0/i_2_reg_203_reg[4]) is unused and will be removed from module RC5_SETUP." projectName="RC5key" solutionName="least_throughput" date="2018-11-19T15:08:04.097-0500" type="Warning"/>
        <logs message="WARNING: [Synth 8-3332] Sequential element (Block_proc4_U0/i_5_reg_506_reg[0]) is unused and will be removed from module RC5_SETUP." projectName="RC5key" solutionName="least_throughput" date="2018-11-19T15:08:04.034-0500" type="Warning"/>
        <logs message="WARNING: [Synth 8-3332] Sequential element (Block_proc4_U0/i_5_reg_506_reg[1]) is unused and will be removed from module RC5_SETUP." projectName="RC5key" solutionName="least_throughput" date="2018-11-19T15:08:03.962-0500" type="Warning"/>
        <logs message="WARNING: [Synth 8-3332] Sequential element (Block_proc4_U0/i_5_reg_506_reg[2]) is unused and will be removed from module RC5_SETUP." projectName="RC5key" solutionName="least_throughput" date="2018-11-19T15:08:03.900-0500" type="Warning"/>
        <logs message="WARNING: [Synth 8-3332] Sequential element (Block_proc4_U0/i_5_reg_506_reg[3]) is unused and will be removed from module RC5_SETUP." projectName="RC5key" solutionName="least_throughput" date="2018-11-19T15:08:03.853-0500" type="Warning"/>
        <logs message="WARNING: [Synth 8-3332] Sequential element (Block_proc4_U0/i_5_reg_506_reg[4]) is unused and will be removed from module RC5_SETUP." projectName="RC5key" solutionName="least_throughput" date="2018-11-19T15:08:03.775-0500" type="Warning"/>
        <logs message="WARNING: [Synth 8-3332] Sequential element (Block_proc4_U0/ap_done_reg_reg) is unused and will be removed from module RC5_SETUP." projectName="RC5key" solutionName="least_throughput" date="2018-11-19T15:08:03.697-0500" type="Warning"/>
        <logs message="WARNING: [Synth 8-3331] design RC5_SETUP has unconnected port K_q1[0]" projectName="RC5key" solutionName="least_throughput" date="2018-11-19T15:08:03.634-0500" type="Warning"/>
        <logs message="WARNING: [Synth 8-3331] design RC5_SETUP has unconnected port K_q1[1]" projectName="RC5key" solutionName="least_throughput" date="2018-11-19T15:08:03.572-0500" type="Warning"/>
        <logs message="WARNING: [Synth 8-3331] design RC5_SETUP has unconnected port K_q1[2]" projectName="RC5key" solutionName="least_throughput" date="2018-11-19T15:08:03.509-0500" type="Warning"/>
        <logs message="WARNING: [Synth 8-3331] design RC5_SETUP has unconnected port K_q1[3]" projectName="RC5key" solutionName="least_throughput" date="2018-11-19T15:08:03.447-0500" type="Warning"/>
        <logs message="WARNING: [Synth 8-3331] design RC5_SETUP has unconnected port K_q1[4]" projectName="RC5key" solutionName="least_throughput" date="2018-11-19T15:08:03.400-0500" type="Warning"/>
        <logs message="WARNING: [Synth 8-3331] design RC5_SETUP has unconnected port K_q1[5]" projectName="RC5key" solutionName="least_throughput" date="2018-11-19T15:08:03.337-0500" type="Warning"/>
        <logs message="WARNING: [Synth 8-3331] design RC5_SETUP has unconnected port K_q1[6]" projectName="RC5key" solutionName="least_throughput" date="2018-11-19T15:08:03.284-0500" type="Warning"/>
        <logs message="WARNING: [Synth 8-3331] design RC5_SETUP has unconnected port K_q1[7]" projectName="RC5key" solutionName="least_throughput" date="2018-11-19T15:08:03.231-0500" type="Warning"/>
        <logs message="WARNING: [Synth 8-3917] design RC5_SETUP has port ap_done driven by constant 1" projectName="RC5key" solutionName="least_throughput" date="2018-11-19T15:08:03.174-0500" type="Warning"/>
        <logs message="WARNING: [Synth 8-3917] design RC5_SETUP has port K_we1 driven by constant 0" projectName="RC5key" solutionName="least_throughput" date="2018-11-19T15:08:03.120-0500" type="Warning"/>
        <logs message="WARNING: [Synth 8-3917] design RC5_SETUP has port K_d1[0] driven by constant 0" projectName="RC5key" solutionName="least_throughput" date="2018-11-19T15:08:03.069-0500" type="Warning"/>
        <logs message="WARNING: [Synth 8-3917] design RC5_SETUP has port K_d1[1] driven by constant 0" projectName="RC5key" solutionName="least_throughput" date="2018-11-19T15:08:03.012-0500" type="Warning"/>
        <logs message="WARNING: [Synth 8-3917] design RC5_SETUP has port K_d1[2] driven by constant 0" projectName="RC5key" solutionName="least_throughput" date="2018-11-19T15:08:02.956-0500" type="Warning"/>
        <logs message="WARNING: [Synth 8-3917] design RC5_SETUP has port K_d1[3] driven by constant 0" projectName="RC5key" solutionName="least_throughput" date="2018-11-19T15:08:02.901-0500" type="Warning"/>
        <logs message="WARNING: [Synth 8-3917] design RC5_SETUP has port K_d1[4] driven by constant 0" projectName="RC5key" solutionName="least_throughput" date="2018-11-19T15:08:02.838-0500" type="Warning"/>
        <logs message="WARNING: [Synth 8-3917] design RC5_SETUP has port K_d1[5] driven by constant 0" projectName="RC5key" solutionName="least_throughput" date="2018-11-19T15:08:02.791-0500" type="Warning"/>
        <logs message="WARNING: [Synth 8-3917] design RC5_SETUP has port K_d1[6] driven by constant 0" projectName="RC5key" solutionName="least_throughput" date="2018-11-19T15:08:02.742-0500" type="Warning"/>
        <logs message="WARNING: [Synth 8-3917] design RC5_SETUP has port K_d1[7] driven by constant 0" projectName="RC5key" solutionName="least_throughput" date="2018-11-19T15:08:02.679-0500" type="Warning"/>
        <logs message="WARNING: [Synth 8-3917] design RC5_SETUP has port K_ce1 driven by constant 0" projectName="RC5key" solutionName="least_throughput" date="2018-11-19T15:08:02.625-0500" type="Warning"/>
        <logs message="WARNING: [Synth 8-3917] design RC5_SETUP has port K_address1[0] driven by constant 0" projectName="RC5key" solutionName="least_throughput" date="2018-11-19T15:08:02.567-0500" type="Warning"/>
        <logs message="WARNING: [Synth 8-3917] design RC5_SETUP has port K_address1[1] driven by constant 0" projectName="RC5key" solutionName="least_throughput" date="2018-11-19T15:08:02.502-0500" type="Warning"/>
        <logs message="WARNING: [Synth 8-3917] design RC5_SETUP has port K_address1[2] driven by constant 0" projectName="RC5key" solutionName="least_throughput" date="2018-11-19T15:08:02.414-0500" type="Warning"/>
        <logs message="WARNING: [Synth 8-3917] design RC5_SETUP has port K_address1[3] driven by constant 0" projectName="RC5key" solutionName="least_throughput" date="2018-11-19T15:08:02.320-0500" type="Warning"/>
        <logs message="WARNING: [Synth 8-3917] design RC5_SETUP has port K_we0 driven by constant 0" projectName="RC5key" solutionName="least_throughput" date="2018-11-19T15:08:02.247-0500" type="Warning"/>
        <logs message="WARNING: [Synth 8-3917] design RC5_SETUP has port K_d0[0] driven by constant 0" projectName="RC5key" solutionName="least_throughput" date="2018-11-19T15:08:02.169-0500" type="Warning"/>
        <logs message="WARNING: [Synth 8-3917] design RC5_SETUP has port K_d0[1] driven by constant 0" projectName="RC5key" solutionName="least_throughput" date="2018-11-19T15:08:02.107-0500" type="Warning"/>
        <logs message="WARNING: [Synth 8-3917] design RC5_SETUP has port K_d0[2] driven by constant 0" projectName="RC5key" solutionName="least_throughput" date="2018-11-19T15:08:02.025-0500" type="Warning"/>
        <logs message="WARNING: [Synth 8-3917] design RC5_SETUP has port K_d0[3] driven by constant 0" projectName="RC5key" solutionName="least_throughput" date="2018-11-19T15:08:01.959-0500" type="Warning"/>
        <logs message="WARNING: [Synth 8-3917] design RC5_SETUP has port K_d0[4] driven by constant 0" projectName="RC5key" solutionName="least_throughput" date="2018-11-19T15:08:01.897-0500" type="Warning"/>
        <logs message="WARNING: [Synth 8-3917] design RC5_SETUP has port K_d0[5] driven by constant 0" projectName="RC5key" solutionName="least_throughput" date="2018-11-19T15:08:01.834-0500" type="Warning"/>
        <logs message="WARNING: [Synth 8-3917] design RC5_SETUP has port K_d0[6] driven by constant 0" projectName="RC5key" solutionName="least_throughput" date="2018-11-19T15:08:01.787-0500" type="Warning"/>
        <logs message="WARNING: [Synth 8-3917] design RC5_SETUP has port K_d0[7] driven by constant 0" projectName="RC5key" solutionName="least_throughput" date="2018-11-19T15:08:01.709-0500" type="Warning"/>
        <logs message="Warning: Parallel synthesis criteria is not met " projectName="RC5key" solutionName="least_throughput" date="2018-11-19T15:08:01.615-0500" type="Warning"/>
        <logs message="WARNING: [Synth 8-3331] design RC5_SETUP has unconnected port K_q1[0]&#xD;&#xA;---------------------------------------------------------------------------------&#xD;&#xA;Finished RTL Elaboration : Time (s): cpu = 00:00:04 ; elapsed = 00:00:07 . Memory (MB): peak = 415.836 ; gain = 157.418&#xD;&#xA;---------------------------------------------------------------------------------&#xD;&#xA;&#xD;&#xA;Report Check Netlist: &#xD;&#xA;+------+------------------+-------+---------+-------+------------------+&#xD;&#xA;|      |Item              |Errors |Warnings |Status |Description       |&#xD;&#xA;+------+------------------+-------+---------+-------+------------------+&#xD;&#xA;|1     |multi_driven_nets |      0|        0|Passed |Multi driven nets |&#xD;&#xA;+------+------------------+-------+---------+-------+------------------+&#xD;&#xA;---------------------------------------------------------------------------------&#xD;&#xA;Start Handling Custom Attributes&#xD;&#xA;---------------------------------------------------------------------------------&#xD;&#xA;---------------------------------------------------------------------------------&#xD;&#xA;Finished Handling Custom Attributes : Time (s): cpu = 00:00:04 ; elapsed = 00:00:08 . Memory (MB): peak = 415.836 ; gain = 157.418&#xD;&#xA;---------------------------------------------------------------------------------&#xD;&#xA;---------------------------------------------------------------------------------&#xD;&#xA;Finished RTL Optimization Phase 1 : Time (s): cpu = 00:00:05 ; elapsed = 00:00:08 . Memory (MB): peak = 415.836 ; gain = 157.418&#xD;&#xA;---------------------------------------------------------------------------------" projectName="RC5key" solutionName="least_throughput" date="2018-11-19T15:07:41.049-0500" type="Warning"/>
        <logs message="WARNING: [Synth 8-3331] design RC5_SETUP has unconnected port K_q1[1]" projectName="RC5key" solutionName="least_throughput" date="2018-11-19T15:07:38.143-0500" type="Warning"/>
        <logs message="WARNING: [Synth 8-3331] design RC5_SETUP has unconnected port K_q1[2]" projectName="RC5key" solutionName="least_throughput" date="2018-11-19T15:07:38.096-0500" type="Warning"/>
        <logs message="WARNING: [Synth 8-3331] design RC5_SETUP has unconnected port K_q1[3]" projectName="RC5key" solutionName="least_throughput" date="2018-11-19T15:07:38.033-0500" type="Warning"/>
        <logs message="WARNING: [Synth 8-3331] design RC5_SETUP has unconnected port K_q1[4]" projectName="RC5key" solutionName="least_throughput" date="2018-11-19T15:07:37.986-0500" type="Warning"/>
        <logs message="WARNING: [Synth 8-3331] design RC5_SETUP has unconnected port K_q1[5]" projectName="RC5key" solutionName="least_throughput" date="2018-11-19T15:07:37.923-0500" type="Warning"/>
        <logs message="WARNING: [Synth 8-3331] design RC5_SETUP has unconnected port K_q1[6]" projectName="RC5key" solutionName="least_throughput" date="2018-11-19T15:07:37.876-0500" type="Warning"/>
        <logs message="WARNING: [Synth 8-3331] design RC5_SETUP has unconnected port K_q1[7]" projectName="RC5key" solutionName="least_throughput" date="2018-11-19T15:07:37.830-0500" type="Warning"/>
        <logs message="WARNING: [Synth 8-3331] design Block_proc4_S has unconnected port reset" projectName="RC5key" solutionName="least_throughput" date="2018-11-19T15:07:37.767-0500" type="Warning"/>
        <logs message="WARNING: [Synth 8-3331] design Block_proc4_L has unconnected port reset" projectName="RC5key" solutionName="least_throughput" date="2018-11-19T15:07:37.689-0500" type="Warning"/>
        <logs message="WARNING: [Synth 8-3917] design RC5_SETUP has port ap_done driven by constant 1" projectName="RC5key" solutionName="least_throughput" date="2018-11-19T15:07:37.642-0500" type="Warning"/>
        <logs message="WARNING: [Synth 8-3917] design RC5_SETUP has port K_we1 driven by constant 0" projectName="RC5key" solutionName="least_throughput" date="2018-11-19T15:07:37.595-0500" type="Warning"/>
        <logs message="WARNING: [Synth 8-3917] design RC5_SETUP has port K_d1[0] driven by constant 0" projectName="RC5key" solutionName="least_throughput" date="2018-11-19T15:07:37.501-0500" type="Warning"/>
        <logs message="WARNING: [Synth 8-3917] design RC5_SETUP has port K_d1[1] driven by constant 0" projectName="RC5key" solutionName="least_throughput" date="2018-11-19T15:07:37.455-0500" type="Warning"/>
        <logs message="WARNING: [Synth 8-3917] design RC5_SETUP has port K_d1[2] driven by constant 0" projectName="RC5key" solutionName="least_throughput" date="2018-11-19T15:07:37.392-0500" type="Warning"/>
        <logs message="WARNING: [Synth 8-3917] design RC5_SETUP has port K_d1[3] driven by constant 0" projectName="RC5key" solutionName="least_throughput" date="2018-11-19T15:07:37.345-0500" type="Warning"/>
        <logs message="WARNING: [Synth 8-3917] design RC5_SETUP has port K_d1[4] driven by constant 0" projectName="RC5key" solutionName="least_throughput" date="2018-11-19T15:07:37.267-0500" type="Warning"/>
        <logs message="WARNING: [Synth 8-3917] design RC5_SETUP has port K_d1[5] driven by constant 0" projectName="RC5key" solutionName="least_throughput" date="2018-11-19T15:07:37.220-0500" type="Warning"/>
        <logs message="WARNING: [Synth 8-3917] design RC5_SETUP has port K_d1[6] driven by constant 0" projectName="RC5key" solutionName="least_throughput" date="2018-11-19T15:07:37.142-0500" type="Warning"/>
        <logs message="WARNING: [Synth 8-3917] design RC5_SETUP has port K_d1[7] driven by constant 0" projectName="RC5key" solutionName="least_throughput" date="2018-11-19T15:07:37.095-0500" type="Warning"/>
        <logs message="WARNING: [Synth 8-3917] design RC5_SETUP has port K_ce1 driven by constant 0" projectName="RC5key" solutionName="least_throughput" date="2018-11-19T15:07:37.033-0500" type="Warning"/>
        <logs message="WARNING: [Synth 8-3917] design RC5_SETUP has port K_address1[0] driven by constant 0" projectName="RC5key" solutionName="least_throughput" date="2018-11-19T15:07:36.955-0500" type="Warning"/>
        <logs message="WARNING: [Synth 8-3917] design RC5_SETUP has port K_address1[1] driven by constant 0" projectName="RC5key" solutionName="least_throughput" date="2018-11-19T15:07:36.892-0500" type="Warning"/>
        <logs message="WARNING: [Synth 8-3917] design RC5_SETUP has port K_address1[2] driven by constant 0" projectName="RC5key" solutionName="least_throughput" date="2018-11-19T15:07:36.830-0500" type="Warning"/>
        <logs message="WARNING: [Synth 8-3917] design RC5_SETUP has port K_address1[3] driven by constant 0" projectName="RC5key" solutionName="least_throughput" date="2018-11-19T15:07:36.767-0500" type="Warning"/>
        <logs message="WARNING: [Synth 8-3917] design RC5_SETUP has port K_we0 driven by constant 0" projectName="RC5key" solutionName="least_throughput" date="2018-11-19T15:07:36.689-0500" type="Warning"/>
        <logs message="WARNING: [Synth 8-3917] design RC5_SETUP has port K_d0[0] driven by constant 0" projectName="RC5key" solutionName="least_throughput" date="2018-11-19T15:07:36.642-0500" type="Warning"/>
        <logs message="WARNING: [Synth 8-3917] design RC5_SETUP has port K_d0[1] driven by constant 0" projectName="RC5key" solutionName="least_throughput" date="2018-11-19T15:07:36.580-0500" type="Warning"/>
        <logs message="WARNING: [Synth 8-3917] design RC5_SETUP has port K_d0[2] driven by constant 0" projectName="RC5key" solutionName="least_throughput" date="2018-11-19T15:07:36.517-0500" type="Warning"/>
        <logs message="WARNING: [Synth 8-3917] design RC5_SETUP has port K_d0[3] driven by constant 0" projectName="RC5key" solutionName="least_throughput" date="2018-11-19T15:07:36.470-0500" type="Warning"/>
        <logs message="WARNING: [Synth 8-3917] design RC5_SETUP has port K_d0[4] driven by constant 0" projectName="RC5key" solutionName="least_throughput" date="2018-11-19T15:07:36.408-0500" type="Warning"/>
        <logs message="WARNING: [Synth 8-3917] design RC5_SETUP has port K_d0[5] driven by constant 0" projectName="RC5key" solutionName="least_throughput" date="2018-11-19T15:07:36.314-0500" type="Warning"/>
        <logs message="WARNING: [Synth 8-3917] design RC5_SETUP has port K_d0[6] driven by constant 0" projectName="RC5key" solutionName="least_throughput" date="2018-11-19T15:07:36.267-0500" type="Warning"/>
        <logs message="WARNING: [Synth 8-3917] design RC5_SETUP has port K_d0[7] driven by constant 0" projectName="RC5key" solutionName="least_throughput" date="2018-11-19T15:07:36.142-0500" type="Warning"/>
        <logs message="WARNING: [Timing 38-242] The property HD.CLK_SRC of clock port &quot;ap_clk&quot; is not set. In out-of-context mode, this prevents timing estimation for clock delay/skew&#xD;&#xA;Resolution: Set the HD.CLK_SRC property of the out-of-context port to the location of the clock buffer instance in the top-level design&#xD;&#xA;report_utilization: Time (s): cpu = 00:00:00 ; elapsed = 00:00:00.074 . Memory (MB): peak = 1304.266 ; gain = 0.000&#xD;&#xA;&#xD;&#xA;&#xD;&#xA;Implementation tool: Xilinx Vivado v.2018.2&#xD;&#xA;Project:             RC5key&#xD;&#xA;Solution:            least_area&#xD;&#xA;Device target:       xc7z010clg400-1&#xD;&#xA;Report date:         Mon Nov 19 13:50:18 -0500 2018&#xD;&#xA;&#xD;&#xA;#=== Post-Implementation Resource usage ===&#xD;&#xA;SLICE:            9&#xD;&#xA;LUT:             23&#xD;&#xA;FF:              33&#xD;&#xA;DSP:              0&#xD;&#xA;BRAM:             0&#xD;&#xA;SRL:              0&#xD;&#xA;#=== Final timing ===&#xD;&#xA;CP required:    10.000&#xD;&#xA;CP achieved post-synthesis:    3.504&#xD;&#xA;CP achieved post-implementation:    3.569&#xD;&#xA;Timing met" projectName="RC5key" solutionName="least_area" date="2018-11-19T13:50:18.329-0500" type="Warning"/>
        <logs message="WARNING: [Timing 38-242] The property HD.CLK_SRC of clock port &quot;ap_clk&quot; is not set. In out-of-context mode, this prevents timing estimation for clock delay/skew&#xD;&#xA;Resolution: Set the HD.CLK_SRC property of the out-of-context port to the location of the clock buffer instance in the top-level design" projectName="RC5key" solutionName="least_area" date="2018-11-19T13:50:08.715-0500" type="Warning"/>
        <logs message="WARNING: [Route 35-198] Port &quot;ap_start&quot; does not have an associated HD.PARTPIN_LOCS, which will prevent the partial routing of the signal &quot;ap_start&quot;. Without this partial route, timing analysis to/from this port will not be accurate, and no routing information for this port can be exported.&#xD;&#xA;Phase 1 Build RT Design | Checksum: e40e6a25&#xD;&#xA;&#xD;&#xA;Time (s): cpu = 00:00:16 ; elapsed = 00:00:14 . Memory (MB): peak = 1200.902 ; gain = 46.695&#xD;&#xA;Post Restoration Checksum: NetGraph: f82636d NumContArr: d48c06b8 Constraints: 0 Timing: 0&#xD;&#xA;&#xD;&#xA;Phase 2 Router Initialization&#xD;&#xA;&#xD;&#xA;Phase 2.1 Create Timer&#xD;&#xA;Phase 2.1 Create Timer | Checksum: e40e6a25&#xD;&#xA;&#xD;&#xA;Time (s): cpu = 00:00:16 ; elapsed = 00:00:15 . Memory (MB): peak = 1200.902 ; gain = 46.695&#xD;&#xA;&#xD;&#xA;Phase 2.2 Fix Topology Constraints&#xD;&#xA;Phase 2.2 Fix Topology Constraints | Checksum: e40e6a25&#xD;&#xA;&#xD;&#xA;Time (s): cpu = 00:00:16 ; elapsed = 00:00:15 . Memory (MB): peak = 1206.895 ; gain = 52.688&#xD;&#xA;&#xD;&#xA;Phase 2.3 Pre Route Cleanup&#xD;&#xA;Phase 2.3 Pre Route Cleanup | Checksum: e40e6a25&#xD;&#xA;&#xD;&#xA;Time (s): cpu = 00:00:16 ; elapsed = 00:00:15 . Memory (MB): peak = 1206.895 ; gain = 52.688&#xD;&#xA; Number of Nodes with overlaps = 0&#xD;&#xA;&#xD;&#xA;Phase 2.4 Update Timing&#xD;&#xA;Phase 2.4 Update Timing | Checksum: 179496fd0&#xD;&#xA;&#xD;&#xA;Time (s): cpu = 00:00:16 ; elapsed = 00:00:15 . Memory (MB): peak = 1207.270 ; gain = 53.063" projectName="RC5key" solutionName="least_area" date="2018-11-19T13:50:03.362-0500" type="Warning"/>
        <logs message="WARNING: [Route 35-198] Port &quot;ap_rst&quot; does not have an associated HD.PARTPIN_LOCS, which will prevent the partial routing of the signal &quot;ap_rst&quot;. Without this partial route, timing analysis to/from this port will not be accurate, and no routing information for this port can be exported." projectName="RC5key" solutionName="least_area" date="2018-11-19T13:49:47.676-0500" type="Warning"/>
        <logs message="WARNING: [Route 35-197] Clock port &quot;ap_clk&quot; does not have an associated HD.CLK_SRC. Without this constraint, timing analysis may not be accurate and upstream checks cannot be done to ensure correct clock placement." projectName="RC5key" solutionName="least_area" date="2018-11-19T13:49:47.630-0500" type="Warning"/>
        <logs message="WARNING: [Timing 38-242] The property HD.CLK_SRC of clock port &quot;ap_clk&quot; is not set. In out-of-context mode, this prevents timing estimation for clock delay/skew&#xD;&#xA;Resolution: Set the HD.CLK_SRC property of the out-of-context port to the location of the clock buffer instance in the top-level design" projectName="RC5key" solutionName="least_area" date="2018-11-19T13:47:56.146-0500" type="Warning"/>
        <logs message="WARNING: [Constraints 18-5210] No constraint will be written out." projectName="RC5key" solutionName="least_area" date="2018-11-19T13:47:19.217-0500" type="Warning"/>
        <logs message="WARNING: [Synth 8-3332] Sequential element (A_1_reg_727_reg[0]) is unused and will be removed from module RC5_SETUP." projectName="RC5key" solutionName="least_area" date="2018-11-19T13:47:08.685-0500" type="Warning"/>
        <logs message="WARNING: [Synth 8-3332] Sequential element (A_1_reg_727_reg[1]) is unused and will be removed from module RC5_SETUP." projectName="RC5key" solutionName="least_area" date="2018-11-19T13:47:08.639-0500" type="Warning"/>
        <logs message="WARNING: [Synth 8-3332] Sequential element (A_1_reg_727_reg[2]) is unused and will be removed from module RC5_SETUP." projectName="RC5key" solutionName="least_area" date="2018-11-19T13:47:08.607-0500" type="Warning"/>
        <logs message="WARNING: [Synth 8-3332] Sequential element (A_1_reg_727_reg[3]) is unused and will be removed from module RC5_SETUP." projectName="RC5key" solutionName="least_area" date="2018-11-19T13:47:08.561-0500" type="Warning"/>
        <logs message="WARNING: [Synth 8-3332] Sequential element (A_1_reg_727_reg[4]) is unused and will be removed from module RC5_SETUP." projectName="RC5key" solutionName="least_area" date="2018-11-19T13:47:08.514-0500" type="Warning"/>
        <logs message="WARNING: [Synth 8-3332] Sequential element (A_1_reg_727_reg[5]) is unused and will be removed from module RC5_SETUP." projectName="RC5key" solutionName="least_area" date="2018-11-19T13:47:08.482-0500" type="Warning"/>
        <logs message="WARNING: [Synth 8-3332] Sequential element (A_1_reg_727_reg[6]) is unused and will be removed from module RC5_SETUP." projectName="RC5key" solutionName="least_area" date="2018-11-19T13:47:08.436-0500" type="Warning"/>
        <logs message="WARNING: [Synth 8-3332] Sequential element (A_1_reg_727_reg[7]) is unused and will be removed from module RC5_SETUP." projectName="RC5key" solutionName="least_area" date="2018-11-19T13:47:08.404-0500" type="Warning"/>
        <logs message="WARNING: [Synth 8-3332] Sequential element (A_1_reg_727_reg[8]) is unused and will be removed from module RC5_SETUP." projectName="RC5key" solutionName="least_area" date="2018-11-19T13:47:08.357-0500" type="Warning"/>
        <logs message="WARNING: [Synth 8-3332] Sequential element (A_1_reg_727_reg[9]) is unused and will be removed from module RC5_SETUP." projectName="RC5key" solutionName="least_area" date="2018-11-19T13:47:08.311-0500" type="Warning"/>
        <logs message="WARNING: [Synth 8-3332] Sequential element (A_1_reg_727_reg[10]) is unused and will be removed from module RC5_SETUP." projectName="RC5key" solutionName="least_area" date="2018-11-19T13:47:08.264-0500" type="Warning"/>
        <logs message="WARNING: [Synth 8-3332] Sequential element (A_1_reg_727_reg[11]) is unused and will be removed from module RC5_SETUP." projectName="RC5key" solutionName="least_area" date="2018-11-19T13:47:08.231-0500" type="Warning"/>
        <logs message="WARNING: [Synth 8-3332] Sequential element (A_1_reg_727_reg[12]) is unused and will be removed from module RC5_SETUP." projectName="RC5key" solutionName="least_area" date="2018-11-19T13:47:08.170-0500" type="Warning"/>
        <logs message="WARNING: [Synth 8-3332] Sequential element (A_1_reg_727_reg[13]) is unused and will be removed from module RC5_SETUP." projectName="RC5key" solutionName="least_area" date="2018-11-19T13:47:08.139-0500" type="Warning"/>
        <logs message="WARNING: [Synth 8-3332] Sequential element (A_1_reg_727_reg[14]) is unused and will be removed from module RC5_SETUP." projectName="RC5key" solutionName="least_area" date="2018-11-19T13:47:08.092-0500" type="Warning"/>
        <logs message="WARNING: [Synth 8-3332] Sequential element (A_1_reg_727_reg[15]) is unused and will be removed from module RC5_SETUP." projectName="RC5key" solutionName="least_area" date="2018-11-19T13:47:08.045-0500" type="Warning"/>
        <logs message="WARNING: [Synth 8-3332] Sequential element (A_1_reg_727_reg[16]) is unused and will be removed from module RC5_SETUP." projectName="RC5key" solutionName="least_area" date="2018-11-19T13:47:08.014-0500" type="Warning"/>
        <logs message="WARNING: [Synth 8-3332] Sequential element (A_1_reg_727_reg[17]) is unused and will be removed from module RC5_SETUP." projectName="RC5key" solutionName="least_area" date="2018-11-19T13:47:07.967-0500" type="Warning"/>
        <logs message="WARNING: [Synth 8-3332] Sequential element (A_1_reg_727_reg[18]) is unused and will be removed from module RC5_SETUP." projectName="RC5key" solutionName="least_area" date="2018-11-19T13:47:07.936-0500" type="Warning"/>
        <logs message="WARNING: [Synth 8-3332] Sequential element (A_1_reg_727_reg[19]) is unused and will be removed from module RC5_SETUP." projectName="RC5key" solutionName="least_area" date="2018-11-19T13:47:07.889-0500" type="Warning"/>
        <logs message="WARNING: [Synth 8-3332] Sequential element (A_1_reg_727_reg[20]) is unused and will be removed from module RC5_SETUP." projectName="RC5key" solutionName="least_area" date="2018-11-19T13:47:07.826-0500" type="Warning"/>
      </packageLog>
      <csimLog/>
    </logs>
  </warningLogs>
</vivadoHLSLog:LogRoot>
