<?xml version="1.0" encoding="utf-8"?>
<Messages>
	<Message severity="INFO" prefix="[SIM 211-2]" key="SIM_2_1569" tag="" content="*************** CSIM start ***************"/>
	<Message severity="INFO" prefix="[SIM 211-4]" key="SIM_4_1577" tag="" content="CSIM will launch GCC as the compiler."/>
	<Message severity="INFO" prefix="[HLS 200-10]" key="HLS_10_1427" tag="" content="Running &apos;D:/Xilinx/Vivado/2018.2/bin/unwrapped/win64.o/apcc.exe&apos;"/>
	<Message severity="INFO" prefix="[HLS 200-10]" key="HLS_10_1428" tag="" content="For user &apos;UnFound&apos; on host &apos;desktop-65oagh3&apos; (Windows NT_amd64 version 6.2) on Mon Nov 19 15:25:27 -0500 2018"/>
	<Message severity="INFO" prefix="[HLS 200-10]" key="HLS_10_1430" tag="" content="In directory &apos;D:/RC5key/RC5key/least_area/csim/build&apos;"/>
	<Message severity="INFO" prefix="[APCC 202-3]" key="APCC_3_1610" tag="" content="Tmp directory is apcc_db"/>
	<Message severity="INFO" prefix="[APCC 202-1]" key="APCC_1_1611" tag="" content="APCC is done."/>
	<Message severity="INFO" prefix="[SIM 211-1]" key="SIM_1_1586" tag="" content="CSim done with 0 errors."/>
	<Message severity="INFO" prefix="[SIM 211-3]" key="SIM_3_1588" tag="" content="*************** CSIM finish ***************"/>
</Messages>
