<profile>

<section name = "Vivado HLS Report for 'RC5_SETUP'" level="0">
<item name = "Date">Mon Nov 19 13:42:38 2018
</item>
<item name = "Version">2018.2 (Build 2258646 on Thu Jun 14 20:25:20 MDT 2018)</item>
<item name = "Project">RC5key</item>
<item name = "Solution">least_area</item>
<item name = "Product family">zynq</item>
<item name = "Target device">xc7z010clg400-1</item>
</section>

<section name = "Performance Estimates" level="0">
<item name = "Timing (ns)">
<section name = "" level="1">
<item name = "Summary"><table name="" hasTotal="0">
<keys size="4">Clock, Target, Estimated, Uncertainty</keys>
<column name="ap_clk">10.00, 8.014, 1.00</column>
</table>
</item>
</section>
</item>
<item name = "Latency (clock cycles)">
<section name = "" level="1">
<item name = "Summary"><table name="" hasTotal="0">
<keys size="6">, min, max, min, max, Type</keys>
<column name="">397, 397, 397, 397, none</column>
</table>
</item>
<item name = "Detail">
<section name = "" level="1">
<item name = "Instance"><table name="" hasTotal="0">
<keys size="7">Instance, Module, min, max, min, max, Type</keys>
</table>
</item>
<item name = "Loop"><table name="" hasTotal="0">
<keys size="8">Loop Name, min, max, Latency, achieved, target, Count, Pipelined</keys>
<column name="- Loop 1">32, 32, 2, -, -, 16, no</column>
<column name="- Loop 2">50, 50, 2, -, -, 25, no</column>
<column name="- Loop 3">312, 312, 4, -, -, 78, no</column>
</table>
</item>
</section>
</item>
</section>
</item>
</section>

<section name = "Utilization Estimates" level="0">
<item name = "Summary"><table name="" hasTotal="1">
<keys size="5">Name, BRAM_18K, DSP48E, FF, LUT</keys>
<column name="DSP">-, -, -, -</column>
<column name="Expression">-, -, 0, 580</column>
<column name="FIFO">-, -, -, -</column>
<column name="Instance">-, -, 0, 42</column>
<column name="Memory">0, -, 64, 13</column>
<column name="Multiplexer">-, -, -, 269</column>
<column name="Register">-, -, 596, -</column>
<specialColumn name="Available">120, 80, 35200, 17600</specialColumn>
<specialColumn name="Utilization (%)">0, 0, 1, 5</specialColumn>
</table>
</item>
<item name = "Detail">
<section name = "" level="1">
<item name = "Instance"><table name="" hasTotal="1">
<keys size="6">Instance, Module, BRAM_18K, DSP48E, FF, LUT</keys>
<column name="RC5_SETUP_mux_42_bkb_U1">RC5_SETUP_mux_42_bkb, 0, 0, 0, 21</column>
<column name="RC5_SETUP_mux_42_bkb_U2">RC5_SETUP_mux_42_bkb, 0, 0, 0, 21</column>
</table>
</item>
<item name = "DSP48"><table name="" hasTotal="0">
<keys size="3">Instance, Module, Expression</keys>
</table>
</item>
<item name = "Memory"><table name="" hasTotal="1">
<keys size="9">Memory, Module, BRAM_18K, FF, LUT, Words, Bits, Banks, W*Bits*Banks</keys>
<column name="S_U">RC5_SETUP_S, 0, 64, 13, 26, 32, 1, 832</column>
</table>
</item>
<item name = "FIFO"><table name="" hasTotal="1">
<keys size="7">Name, BRAM_18K, FF, LUT, Depth, Bits, Size:D*B</keys>
</table>
</item>
<item name = "Expression"><table name="" hasTotal="1">
<keys size="7">Variable Name, Operation, DSP48E, FF, LUT, Bitwidth P0, Bitwidth P1</keys>
<column name="i_3_fu_450_p2">+, 0, 0, 15, 5, 1</column>
<column name="i_4_fu_415_p2">+, 0, 0, 15, 5, 2</column>
<column name="j_1_fu_614_p2">+, 0, 0, 10, 2, 1</column>
<column name="k_1_fu_462_p2">+, 0, 0, 15, 7, 1</column>
<column name="tmp2_fu_473_p2">+, 0, 0, 32, 32, 32</column>
<column name="tmp_15_cast_fu_540_p2">+, 0, 0, 15, 5, 5</column>
<column name="tmp_15_fu_534_p2">+, 0, 0, 32, 32, 32</column>
<column name="tmp_16_fu_546_p2">+, 0, 0, 32, 32, 32</column>
<column name="tmp_1_fu_479_p2">+, 0, 0, 32, 32, 32</column>
<column name="tmp_21_fu_588_p2">+, 0, 0, 15, 5, 1</column>
<column name="tmp_23_fu_600_p2">+, 0, 0, 15, 5, 3</column>
<column name="tmp_8_fu_427_p2">+, 0, 0, 15, 5, 2</column>
<column name="tmp_s_fu_438_p2">+, 0, 0, 39, 32, 32</column>
<column name="tmp_19_fu_563_p2">-, 0, 0, 15, 7, 6</column>
<column name="exitcond_fu_421_p2">icmp, 0, 0, 11, 5, 4</column>
<column name="tmp_22_fu_594_p2">icmp, 0, 0, 11, 5, 4</column>
<column name="tmp_5_fu_456_p2">icmp, 0, 0, 11, 7, 7</column>
<column name="tmp_fu_352_p2">icmp, 0, 0, 11, 5, 2</column>
<column name="tmp_20_fu_573_p2">lshr, 0, 0, 101, 32, 32</column>
<column name="L_0_1_fu_578_p2">or, 0, 0, 32, 32, 32</column>
<column name="i_5_fu_606_p3">select, 0, 0, 5, 1, 5</column>
<column name="tmp_18_fu_558_p2">shl, 0, 0, 101, 32, 32</column>
</table>
</item>
<item name = "Multiplexer"><table name="" hasTotal="1">
<keys size="5">Name, LUT, Input Size, Bits, Total Bits</keys>
<column name="A_reg_200">9, 2, 32, 64</column>
<column name="B_reg_247">9, 2, 32, 64</column>
<column name="L_0_2_reg_190">9, 2, 32, 64</column>
<column name="L_1_2_reg_180">9, 2, 32, 64</column>
<column name="L_2_2_reg_170">9, 2, 32, 64</column>
<column name="L_3_2_reg_160">9, 2, 32, 64</column>
<column name="L_3_fu_88">9, 2, 32, 64</column>
<column name="S_address0">33, 6, 5, 30</column>
<column name="S_d0">21, 4, 32, 128</column>
<column name="ap_NS_fsm">47, 10, 1, 10</column>
<column name="ap_phi_mux_L_0_s_phi_fu_317_p8">15, 3, 32, 96</column>
<column name="ap_phi_mux_L_1_3_phi_fu_299_p8">15, 3, 32, 96</column>
<column name="ap_phi_mux_L_2_3_phi_fu_281_p8">15, 3, 32, 96</column>
<column name="ap_phi_mux_L_3_3_phi_fu_263_p8">15, 3, 32, 96</column>
<column name="i_1_reg_148">9, 2, 5, 10</column>
<column name="i_2_reg_235">9, 2, 5, 10</column>
<column name="i_reg_136">9, 2, 5, 10</column>
<column name="j_reg_223">9, 2, 2, 4</column>
<column name="k_reg_212">9, 2, 7, 14</column>
</table>
</item>
<item name = "Register"><table name="" hasTotal="1">
<keys size="5">Name, FF, LUT, Bits, Const Bits</keys>
<column name="A_1_reg_727">32, 0, 32, 0</column>
<column name="A_reg_200">32, 0, 32, 0</column>
<column name="B_reg_247">32, 0, 32, 0</column>
<column name="L_0_2_reg_190">32, 0, 32, 0</column>
<column name="L_1_2_reg_180">32, 0, 32, 0</column>
<column name="L_2_2_reg_170">32, 0, 32, 0</column>
<column name="L_3_1_fu_76">32, 0, 32, 0</column>
<column name="L_3_1_load_reg_645">32, 0, 32, 0</column>
<column name="L_3_2_reg_160">32, 0, 32, 0</column>
<column name="L_3_4_fu_80">32, 0, 32, 0</column>
<column name="L_3_4_load_reg_651">32, 0, 32, 0</column>
<column name="L_3_5_fu_84">32, 0, 32, 0</column>
<column name="L_3_5_load_reg_657">32, 0, 32, 0</column>
<column name="L_3_fu_88">32, 0, 32, 0</column>
<column name="L_3_load_reg_663">32, 0, 32, 0</column>
<column name="S_addr_2_reg_706">5, 0, 5, 0</column>
<column name="ap_CS_fsm">9, 0, 9, 0</column>
<column name="i_1_reg_148">5, 0, 5, 0</column>
<column name="i_2_reg_235">5, 0, 5, 0</column>
<column name="i_reg_136">5, 0, 5, 0</column>
<column name="j_reg_223">2, 0, 2, 0</column>
<column name="k_1_reg_701">7, 0, 7, 0</column>
<column name="k_reg_212">7, 0, 7, 0</column>
<column name="tmp_10_reg_711">29, 0, 29, 0</column>
<column name="tmp_11_reg_716">3, 0, 3, 0</column>
<column name="tmp_12_reg_722">2, 0, 2, 0</column>
<column name="tmp_15_cast_reg_732">5, 0, 5, 0</column>
<column name="tmp_16_reg_738">32, 0, 32, 0</column>
</table>
</item>
</section>
</item>
</section>

<section name = "Interface" level="0">
<item name = "Summary"><table name="" hasTotal="0">
<keys size="6">RTL Ports, Dir, Bits, Protocol, Source Object, C Type</keys>
<column name="ap_clk">in, 1, ap_ctrl_hs, RC5_SETUP, return value</column>
<column name="ap_rst">in, 1, ap_ctrl_hs, RC5_SETUP, return value</column>
<column name="ap_start">in, 1, ap_ctrl_hs, RC5_SETUP, return value</column>
<column name="ap_done">out, 1, ap_ctrl_hs, RC5_SETUP, return value</column>
<column name="ap_idle">out, 1, ap_ctrl_hs, RC5_SETUP, return value</column>
<column name="ap_ready">out, 1, ap_ctrl_hs, RC5_SETUP, return value</column>
<column name="K_address0">out, 4, ap_memory, K, array</column>
<column name="K_ce0">out, 1, ap_memory, K, array</column>
<column name="K_q0">in, 8, ap_memory, K, array</column>
</table>
</item>
</section>
</profile>
