<annotationInfo>
<annotationInfo>
<item  id="17" filename="RC5key.c" linenumber="32" name="i_cast6" contextFuncName="RC5_SETUP" moduleName="RC5_SETUP" rtlName="i_cast6_fu_348_p1" latency="0" BRAM="-1" DSP="-1" FF="-1" LUT="-1" fileDirectory="D:\RC5key"><\/item>
<item  id="18" filename="RC5key.c" linenumber="32" name="tmp" contextFuncName="RC5_SETUP" moduleName="RC5_SETUP" rtlName="tmp_fu_352_p2" latency="0" BRAM="-1" DSP="-1" FF="0" LUT="11" fileDirectory="D:\RC5key"><\/item>
<item  id="22" filename="RC5key.c" linenumber="32" name="tmp_1_t" contextFuncName="RC5_SETUP" moduleName="RC5_SETUP" rtlName="tmp_2_fu_373_p5" latency="0" BRAM="-1" DSP="-1" FF="-1" LUT="-1" fileDirectory="D:\RC5key"><\/item>
<item  id="23" filename="RC5key.c" linenumber="32" name="tmp_2" contextFuncName="RC5_SETUP" moduleName="RC5_SETUP" rtlName="RC5_SETUP_mux_42_bkb_U1" latency="0" BRAM="-1" DSP="-1" FF="-1" LUT="-1" fileDirectory="D:\RC5key"><\/item>
<item  id="24" filename="RC5key.c" linenumber="33" name="tmp_4" contextFuncName="RC5_SETUP" moduleName="RC5_SETUP" rtlName="tmp_4_fu_358_p1" latency="0" BRAM="-1" DSP="-1" FF="-1" LUT="-1" fileDirectory="D:\RC5key"><\/item>
<item  id="27" filename="RC5key.c" linenumber="32" name="tmp_3" contextFuncName="RC5_SETUP" moduleName="RC5_SETUP" rtlName="tmp_3_fu_383_p1" latency="0" BRAM="-1" DSP="-1" FF="-1" LUT="-1" fileDirectory="D:\RC5key"><\/item>
<item  id="28" filename="RC5key.c" linenumber="33" name="L_0" contextFuncName="RC5_SETUP" moduleName="RC5_SETUP" rtlName="L_0_fu_387_p3" latency="0" BRAM="-1" DSP="-1" FF="-1" LUT="-1" fileDirectory="D:\RC5key"><\/item>
<item  id="43" filename="RC5key.c" linenumber="32" name="i_4" contextFuncName="RC5_SETUP" moduleName="RC5_SETUP" rtlName="i_4_fu_415_p2" latency="0" BRAM="-1" DSP="-1" FF="0" LUT="15" fileDirectory="D:\RC5key"><\/item>
<item  id="50" filename="RC5key.c" linenumber="34" name="exitcond" contextFuncName="RC5_SETUP" moduleName="RC5_SETUP" rtlName="exitcond_fu_421_p2" latency="0" BRAM="-1" DSP="-1" FF="0" LUT="11" fileDirectory="D:\RC5key"><\/item>
<item  id="54" filename="RC5key.c" linenumber="34" name="tmp_8" contextFuncName="RC5_SETUP" moduleName="RC5_SETUP" rtlName="tmp_8_fu_427_p2" latency="0" BRAM="-1" DSP="-1" FF="0" LUT="15" fileDirectory="D:\RC5key"><\/item>
<item  id="55" filename="RC5key.c" linenumber="34" name="tmp_9" contextFuncName="RC5_SETUP" moduleName="RC5_SETUP" rtlName="tmp_9_fu_433_p1" latency="0" BRAM="-1" DSP="-1" FF="-1" LUT="-1" fileDirectory="D:\RC5key"><\/item>
<item  id="58" filename="RC5key.c" linenumber="34" name="tmp_s" contextFuncName="RC5_SETUP" moduleName="RC5_SETUP" rtlName="tmp_s_fu_438_p2" latency="0" BRAM="-1" DSP="-1" FF="0" LUT="39" fileDirectory="D:\RC5key"><\/item>
<item  id="59" filename="RC5key.c" linenumber="34" name="tmp_7" contextFuncName="RC5_SETUP" moduleName="RC5_SETUP" rtlName="tmp_7_fu_445_p1" latency="0" BRAM="-1" DSP="-1" FF="-1" LUT="-1" fileDirectory="D:\RC5key"><\/item>
<item  id="62" filename="RC5key.c" linenumber="34" name="i_3" contextFuncName="RC5_SETUP" moduleName="RC5_SETUP" rtlName="i_3_fu_450_p2" latency="0" BRAM="-1" DSP="-1" FF="0" LUT="15" fileDirectory="D:\RC5key"><\/item>
<item  id="76" filename="RC5key.c" linenumber="35" name="tmp_5" contextFuncName="RC5_SETUP" moduleName="RC5_SETUP" rtlName="tmp_5_fu_456_p2" latency="0" BRAM="-1" DSP="-1" FF="0" LUT="11" fileDirectory="D:\RC5key"><\/item>
<item  id="78" filename="RC5key.c" linenumber="36" name="k_1" contextFuncName="RC5_SETUP" moduleName="RC5_SETUP" rtlName="k_1_fu_462_p2" latency="0" BRAM="-1" DSP="-1" FF="0" LUT="15" fileDirectory="D:\RC5key"><\/item>
<item  id="81" filename="RC5key.c" linenumber="37" name="tmp_6" contextFuncName="RC5_SETUP" moduleName="RC5_SETUP" rtlName="tmp_6_fu_468_p1" latency="0" BRAM="-1" DSP="-1" FF="-1" LUT="-1" fileDirectory="D:\RC5key"><\/item>
<item  id="84" filename="RC5key.c" linenumber="37" name="tmp2" contextFuncName="RC5_SETUP" moduleName="RC5_SETUP" rtlName="tmp2_fu_473_p2" latency="0" BRAM="-1" DSP="-1" FF="0" LUT="32" fileDirectory="D:\RC5key"><\/item>
<item  id="85" filename="RC5key.c" linenumber="37" name="tmp_1" contextFuncName="RC5_SETUP" moduleName="RC5_SETUP" rtlName="tmp_1_fu_479_p2" latency="0" BRAM="-1" DSP="-1" FF="0" LUT="32" fileDirectory="D:\RC5key"><\/item>
<item  id="86" filename="RC5key.c" linenumber="37" name="tmp_10" contextFuncName="RC5_SETUP" moduleName="RC5_SETUP" rtlName="tmp_10_fu_485_p1" latency="0" BRAM="-1" DSP="-1" FF="-1" LUT="-1" fileDirectory="D:\RC5key"><\/item>
<item  id="87" filename="RC5key.c" linenumber="37" name="tmp_11" contextFuncName="RC5_SETUP" moduleName="RC5_SETUP" rtlName="tmp_11_reg_716" latency="0" BRAM="-1" DSP="-1" FF="-1" LUT="-1" fileDirectory="D:\RC5key"><\/item>
<item  id="88" filename="RC5key.c" linenumber="37" name="tmp_12" contextFuncName="RC5_SETUP" moduleName="RC5_SETUP" rtlName="tmp_12_fu_499_p1" latency="0" BRAM="-1" DSP="-1" FF="-1" LUT="-1" fileDirectory="D:\RC5key"><\/item>
<item  id="89" filename="RC5key.c" linenumber="37" name="A_1" contextFuncName="RC5_SETUP" moduleName="RC5_SETUP" rtlName="A_1_fu_503_p3" latency="0" BRAM="-1" DSP="-1" FF="-1" LUT="-1" fileDirectory="D:\RC5key"><\/item>
<item  id="91" filename="RC5key.c" linenumber="38" name="tmp_13" contextFuncName="RC5_SETUP" moduleName="RC5_SETUP" rtlName="RC5_SETUP_mux_42_bkb_U2" latency="0" BRAM="-1" DSP="-1" FF="-1" LUT="-1" fileDirectory="D:\RC5key"><\/item>
<item  id="92" filename="RC5key.c" linenumber="38" name="tmp_14" contextFuncName="RC5_SETUP" moduleName="RC5_SETUP" rtlName="tmp_14_fu_524_p1" latency="0" BRAM="-1" DSP="-1" FF="-1" LUT="-1" fileDirectory="D:\RC5key"><\/item>
<item  id="93" filename="RC5key.c" linenumber="37" name="tmp_17" contextFuncName="RC5_SETUP" moduleName="RC5_SETUP" rtlName="tmp_17_fu_528_p3" latency="0" BRAM="-1" DSP="-1" FF="-1" LUT="-1" fileDirectory="D:\RC5key"><\/item>
<item  id="94" filename="RC5key.c" linenumber="38" name="tmp_15" contextFuncName="RC5_SETUP" moduleName="RC5_SETUP" rtlName="tmp_15_fu_534_p2" latency="0" BRAM="-1" DSP="-1" FF="0" LUT="32" fileDirectory="D:\RC5key"><\/item>
<item  id="95" filename="RC5key.c" linenumber="38" name="tmp_15_cast" contextFuncName="RC5_SETUP" moduleName="RC5_SETUP" rtlName="tmp_15_cast_fu_540_p2" latency="0" BRAM="-1" DSP="-1" FF="0" LUT="15" fileDirectory="D:\RC5key"><\/item>
<item  id="96" filename="RC5key.c" linenumber="38" name="tmp_16" contextFuncName="RC5_SETUP" moduleName="RC5_SETUP" rtlName="tmp_16_fu_546_p2" latency="0" BRAM="-1" DSP="-1" FF="0" LUT="32" fileDirectory="D:\RC5key"><\/item>
<item  id="97" filename="RC5key.c" linenumber="38" name="tmp_17_cast3" contextFuncName="RC5_SETUP" moduleName="RC5_SETUP" rtlName="tmp_17_cast3_fu_552_p1" latency="0" BRAM="-1" DSP="-1" FF="-1" LUT="-1" fileDirectory="D:\RC5key"><\/item>
<item  id="98" filename="RC5key.c" linenumber="38" name="tmp_17_cast" contextFuncName="RC5_SETUP" moduleName="RC5_SETUP" rtlName="tmp_17_cast_fu_555_p1" latency="0" BRAM="-1" DSP="-1" FF="-1" LUT="-1" fileDirectory="D:\RC5key"><\/item>
<item  id="99" filename="RC5key.c" linenumber="38" name="tmp_18" contextFuncName="RC5_SETUP" moduleName="RC5_SETUP" rtlName="tmp_18_fu_558_p2" latency="0" BRAM="-1" DSP="-1" FF="0" LUT="101" fileDirectory="D:\RC5key"><\/item>
<item  id="100" filename="RC5key.c" linenumber="38" name="tmp_19" contextFuncName="RC5_SETUP" moduleName="RC5_SETUP" rtlName="tmp_19_fu_563_p2" latency="0" BRAM="-1" DSP="-1" FF="0" LUT="15" fileDirectory="D:\RC5key"><\/item>
<item  id="101" filename="RC5key.c" linenumber="38" name="tmp_19_cast" contextFuncName="RC5_SETUP" moduleName="RC5_SETUP" rtlName="tmp_19_cast_fu_569_p1" latency="0" BRAM="-1" DSP="-1" FF="-1" LUT="-1" fileDirectory="D:\RC5key"><\/item>
<item  id="102" filename="RC5key.c" linenumber="38" name="tmp_20" contextFuncName="RC5_SETUP" moduleName="RC5_SETUP" rtlName="tmp_20_fu_573_p2" latency="0" BRAM="-1" DSP="-1" FF="0" LUT="101" fileDirectory="D:\RC5key"><\/item>
<item  id="103" filename="RC5key.c" linenumber="38" name="L_0_1" contextFuncName="RC5_SETUP" moduleName="RC5_SETUP" rtlName="L_0_1_fu_578_p2" latency="0" BRAM="-1" DSP="-1" FF="0" LUT="32" fileDirectory="D:\RC5key"><\/item>
<item  id="116" filename="RC5key.c" linenumber="36" name="tmp_21" contextFuncName="RC5_SETUP" moduleName="RC5_SETUP" rtlName="tmp_21_fu_588_p2" latency="0" BRAM="-1" DSP="-1" FF="0" LUT="15" fileDirectory="D:\RC5key"><\/item>
<item  id="117" filename="RC5key.c" linenumber="36" name="tmp_22" contextFuncName="RC5_SETUP" moduleName="RC5_SETUP" rtlName="tmp_22_fu_594_p2" latency="0" BRAM="-1" DSP="-1" FF="0" LUT="11" fileDirectory="D:\RC5key"><\/item>
<item  id="118" filename="RC5key.c" linenumber="36" name="tmp_23" contextFuncName="RC5_SETUP" moduleName="RC5_SETUP" rtlName="tmp_23_fu_600_p2" latency="0" BRAM="-1" DSP="-1" FF="0" LUT="15" fileDirectory="D:\RC5key"><\/item>
<item  id="119" filename="RC5key.c" linenumber="36" name="i_5" contextFuncName="RC5_SETUP" moduleName="RC5_SETUP" rtlName="i_5_fu_606_p3" latency="0" BRAM="-1" DSP="-1" FF="0" LUT="5" fileDirectory="D:\RC5key"><\/item>
<item  id="120" filename="RC5key.c" linenumber="36" name="j_1" contextFuncName="RC5_SETUP" moduleName="RC5_SETUP" rtlName="j_1_fu_614_p2" latency="0" BRAM="-1" DSP="-1" FF="0" LUT="10" fileDirectory="D:\RC5key"><\/item>
<\/annotationInfo>
</annotationInfo>
