<stg><name>RC5_SETUP</name>


<trans_list>

<trans id="116" from="1" to="2">
<condition id="48">
<or_exp><and_exp></and_exp></or_exp>
</condition>
</trans>

<trans id="117" from="2" to="3">
<condition id="49">
<or_exp><and_exp><literal name="tmp" val="0"/>
</and_exp></or_exp>
</condition>
</trans>

<trans id="120" from="2" to="4">
<condition id="54">
<or_exp><and_exp><literal name="tmp" val="1"/>
</and_exp></or_exp>
</condition>
</trans>

<trans id="119" from="3" to="2">
<condition id="52">
<or_exp><and_exp></and_exp></or_exp>
</condition>
</trans>

<trans id="121" from="4" to="5">
<condition id="55">
<or_exp><and_exp><literal name="exitcond" val="0"/>
</and_exp></or_exp>
</condition>
</trans>

<trans id="124" from="4" to="6">
<condition id="60">
<or_exp><and_exp><literal name="exitcond" val="1"/>
</and_exp></or_exp>
</condition>
</trans>

<trans id="123" from="5" to="4">
<condition id="58">
<or_exp><and_exp></and_exp></or_exp>
</condition>
</trans>

<trans id="125" from="6" to="7">
<condition id="61">
<or_exp><and_exp><literal name="tmp_5" val="0"/>
</and_exp></or_exp>
</condition>
</trans>

<trans id="127" from="7" to="8">
<condition id="63">
<or_exp><and_exp></and_exp></or_exp>
</condition>
</trans>

<trans id="128" from="8" to="9">
<condition id="64">
<or_exp><and_exp></and_exp></or_exp>
</condition>
</trans>

<trans id="129" from="9" to="6">
<condition id="66">
<or_exp><and_exp></and_exp></or_exp>
</condition>
</trans>
</trans_list>



<state_list>

<state id="1" st_id="1">

<operation id="10" st_id="1" stage="1" lat="1">
<core>NULL</core>
<MemPortIdVec></MemPortIdVec>
<condition id="0">
<or_exp><and_exp></and_exp></or_exp>
</condition>

<Node id="3" bw="32" op_0_bw="32">
<![CDATA[
:0  %L_3_1 = alloca i32

]]></Node>
<StgValue><ssdm name="L_3_1"/></StgValue>
</operation>

<operation id="11" st_id="1" stage="1" lat="1">
<core>NULL</core>
<MemPortIdVec></MemPortIdVec>
<condition id="0">
<or_exp><and_exp></and_exp></or_exp>
</condition>

<Node id="4" bw="32" op_0_bw="32">
<![CDATA[
:1  %L_3_4 = alloca i32

]]></Node>
<StgValue><ssdm name="L_3_4"/></StgValue>
</operation>

<operation id="12" st_id="1" stage="1" lat="1">
<core>NULL</core>
<MemPortIdVec></MemPortIdVec>
<condition id="0">
<or_exp><and_exp></and_exp></or_exp>
</condition>

<Node id="5" bw="32" op_0_bw="32">
<![CDATA[
:2  %L_3_5 = alloca i32

]]></Node>
<StgValue><ssdm name="L_3_5"/></StgValue>
</operation>

<operation id="13" st_id="1" stage="1" lat="1">
<core>NULL</core>
<MemPortIdVec></MemPortIdVec>
<condition id="0">
<or_exp><and_exp></and_exp></or_exp>
</condition>

<Node id="6" bw="32" op_0_bw="32">
<![CDATA[
:3  %L_3 = alloca i32

]]></Node>
<StgValue><ssdm name="L_3"/></StgValue>
</operation>

<operation id="14" st_id="1" stage="1" lat="1">
<core>NULL</core>
<MemPortIdVec></MemPortIdVec>
<condition id="0">
<or_exp><and_exp></and_exp></or_exp>
</condition>

<Node id="7" bw="0" op_0_bw="0" op_1_bw="8">
<![CDATA[
:4  call void (...)* @_ssdm_op_SpecBitsMap([16 x i8]* %K) nounwind, !map !40

]]></Node>
<StgValue><ssdm name=""/></StgValue>
</operation>

<operation id="15" st_id="1" stage="1" lat="1">
<core>NULL</core>
<MemPortIdVec></MemPortIdVec>
<condition id="0">
<or_exp><and_exp></and_exp></or_exp>
</condition>

<Node id="8" bw="0" op_0_bw="0" op_1_bw="0">
<![CDATA[
:5  call void (...)* @_ssdm_op_SpecTopModule([10 x i8]* @RC5_SETUP_str) nounwind

]]></Node>
<StgValue><ssdm name=""/></StgValue>
</operation>

<operation id="16" st_id="1" stage="1" lat="1">
<core>NULL</core>
<MemPortIdVec></MemPortIdVec>
<condition id="0">
<or_exp><and_exp></and_exp></or_exp>
</condition>

<Node id="9" bw="0" op_0_bw="32" op_1_bw="32">
<![CDATA[
:6  store i32 0, i32* %L_3

]]></Node>
<StgValue><ssdm name=""/></StgValue>
</operation>

<operation id="17" st_id="1" stage="1" lat="1">
<core>NULL</core>
<MemPortIdVec></MemPortIdVec>
<condition id="0">
<or_exp><and_exp></and_exp></or_exp>
</condition>

<Node id="10" bw="0" op_0_bw="0">
<![CDATA[
:7  br label %1

]]></Node>
<StgValue><ssdm name=""/></StgValue>
</operation>
</state>

<state id="2" st_id="2">

<operation id="18" st_id="2" stage="1" lat="1">
<core>NULL</core>
<MemPortIdVec></MemPortIdVec>
<condition id="1">
<or_exp><and_exp></and_exp></or_exp>
</condition>

<Node id="12" bw="5" op_0_bw="5" op_1_bw="0">
<![CDATA[
:0  %i = phi i5 [ 15, %0 ], [ %i_4, %branch4 ]

]]></Node>
<StgValue><ssdm name="i"/></StgValue>
</operation>

<operation id="19" st_id="2" stage="1" lat="1">
<core>NULL</core>
<MemPortIdVec></MemPortIdVec>
<condition id="1">
<or_exp><and_exp></and_exp></or_exp>
</condition>

<Node id="13" bw="32" op_0_bw="32">
<![CDATA[
:1  %L_3_1_load = load i32* %L_3_1

]]></Node>
<StgValue><ssdm name="L_3_1_load"/></StgValue>
</operation>

<operation id="20" st_id="2" stage="1" lat="1">
<core>NULL</core>
<MemPortIdVec></MemPortIdVec>
<condition id="1">
<or_exp><and_exp></and_exp></or_exp>
</condition>

<Node id="14" bw="32" op_0_bw="32">
<![CDATA[
:2  %L_3_4_load = load i32* %L_3_4

]]></Node>
<StgValue><ssdm name="L_3_4_load"/></StgValue>
</operation>

<operation id="21" st_id="2" stage="1" lat="1">
<core>NULL</core>
<MemPortIdVec></MemPortIdVec>
<condition id="1">
<or_exp><and_exp></and_exp></or_exp>
</condition>

<Node id="15" bw="32" op_0_bw="32">
<![CDATA[
:3  %L_3_5_load = load i32* %L_3_5

]]></Node>
<StgValue><ssdm name="L_3_5_load"/></StgValue>
</operation>

<operation id="22" st_id="2" stage="1" lat="1">
<core>NULL</core>
<MemPortIdVec></MemPortIdVec>
<condition id="1">
<or_exp><and_exp></and_exp></or_exp>
</condition>

<Node id="16" bw="32" op_0_bw="32">
<![CDATA[
:4  %L_3_load = load i32* %L_3

]]></Node>
<StgValue><ssdm name="L_3_load"/></StgValue>
</operation>

<operation id="23" st_id="2" stage="1" lat="1">
<core>NULL</core>
<MemPortIdVec></MemPortIdVec>
<condition id="1">
<or_exp><and_exp></and_exp></or_exp>
</condition>

<Node id="17" bw="32" op_0_bw="5">
<![CDATA[
:5  %i_cast6 = sext i5 %i to i32

]]></Node>
<StgValue><ssdm name="i_cast6"/></StgValue>
</operation>

<operation id="24" st_id="2" stage="1" lat="1">
<core>Cmp</core>
<MemPortIdVec></MemPortIdVec>
<condition id="1">
<or_exp><and_exp></and_exp></or_exp>
</condition>

<Node id="18" bw="1" op_0_bw="5" op_1_bw="5">
<![CDATA[
:6  %tmp = icmp eq i5 %i, -1

]]></Node>
<StgValue><ssdm name="tmp"/></StgValue>
</operation>

<operation id="25" st_id="2" stage="1" lat="1">
<core>NULL</core>
<MemPortIdVec></MemPortIdVec>
<condition id="1">
<or_exp><and_exp></and_exp></or_exp>
</condition>

<Node id="19" bw="32" op_0_bw="32" op_1_bw="64" op_2_bw="64" op_3_bw="64">
<![CDATA[
:7  %empty = call i32 (...)* @_ssdm_op_SpecLoopTripCount(i64 16, i64 16, i64 16) nounwind

]]></Node>
<StgValue><ssdm name="empty"/></StgValue>
</operation>

<operation id="26" st_id="2" stage="1" lat="1">
<core>NULL</core>
<MemPortIdVec></MemPortIdVec>
<condition id="1">
<or_exp><and_exp></and_exp></or_exp>
</condition>

<Node id="20" bw="0" op_0_bw="1" op_1_bw="0" op_2_bw="0">
<![CDATA[
:8  br i1 %tmp, label %3, label %2

]]></Node>
<StgValue><ssdm name=""/></StgValue>
</operation>

<operation id="27" st_id="2" stage="1" lat="1">
<core>NULL</core>
<MemPortIdVec></MemPortIdVec>
<condition id="3">
<or_exp><and_exp><literal name="tmp" val="0"/>
</and_exp></or_exp>
</condition>

<Node id="24" bw="64" op_0_bw="32">
<![CDATA[
:2  %tmp_4 = zext i32 %i_cast6 to i64

]]></Node>
<StgValue><ssdm name="tmp_4"/></StgValue>
</operation>

<operation id="28" st_id="2" stage="1" lat="1">
<core>NULL</core>
<MemPortIdVec></MemPortIdVec>
<condition id="3">
<or_exp><and_exp><literal name="tmp" val="0"/>
</and_exp></or_exp>
</condition>

<Node id="25" bw="4" op_0_bw="8" op_1_bw="64" op_2_bw="64">
<![CDATA[
:3  %K_addr = getelementptr [16 x i8]* %K, i64 0, i64 %tmp_4

]]></Node>
<StgValue><ssdm name="K_addr"/></StgValue>
</operation>

<operation id="29" st_id="2" stage="2" lat="2">
<core>RAM</core>
<MemPortIdVec></MemPortIdVec>
<condition id="3">
<or_exp><and_exp><literal name="tmp" val="0"/>
</and_exp></or_exp>
</condition>

<Node id="26" bw="8" op_0_bw="4">
<![CDATA[
:4  %K_load = load i8* %K_addr, align 1

]]></Node>
<StgValue><ssdm name="K_load"/></StgValue>
</operation>

<operation id="30" st_id="2" stage="1" lat="1">
<core>RAM</core>
<MemPortIdVec></MemPortIdVec>
<condition id="5">
<or_exp><and_exp><literal name="tmp" val="1"/>
</and_exp></or_exp>
</condition>

<Node id="46" bw="0" op_0_bw="32" op_1_bw="32">
<![CDATA[
:0  store i32 -1209970333, i32* getelementptr inbounds ([26 x i32]* @S, i64 0, i64 0), align 16

]]></Node>
<StgValue><ssdm name=""/></StgValue>
</operation>

<operation id="31" st_id="2" stage="1" lat="1">
<core>NULL</core>
<MemPortIdVec></MemPortIdVec>
<condition id="5">
<or_exp><and_exp><literal name="tmp" val="1"/>
</and_exp></or_exp>
</condition>

<Node id="47" bw="0" op_0_bw="0">
<![CDATA[
:1  br label %4

]]></Node>
<StgValue><ssdm name=""/></StgValue>
</operation>
</state>

<state id="3" st_id="3">

<operation id="32" st_id="3" stage="1" lat="1">
<core>NULL</core>
<MemPortIdVec></MemPortIdVec>
<condition id="6">
<or_exp><and_exp></and_exp></or_exp>
</condition>

<Node id="22" bw="2" op_0_bw="2" op_1_bw="5" op_2_bw="32" op_3_bw="32">
<![CDATA[
:0  %tmp_1_t = call i2 @_ssdm_op_PartSelect.i2.i5.i32.i32(i5 %i, i32 2, i32 3)

]]></Node>
<StgValue><ssdm name="tmp_1_t"/></StgValue>
</operation>

<operation id="33" st_id="3" stage="1" lat="1">
<core>MuxnS</core>
<MemPortIdVec></MemPortIdVec>
<condition id="6">
<or_exp><and_exp></and_exp></or_exp>
</condition>

<Node id="23" bw="32" op_0_bw="32" op_1_bw="32" op_2_bw="32" op_3_bw="32" op_4_bw="32" op_5_bw="2">
<![CDATA[
:1  %tmp_2 = call i32 @_ssdm_op_Mux.ap_auto.4i32.i2(i32 %L_3_1_load, i32 %L_3_4_load, i32 %L_3_5_load, i32 %L_3_load, i2 %tmp_1_t) nounwind

]]></Node>
<StgValue><ssdm name="tmp_2"/></StgValue>
</operation>

<operation id="34" st_id="3" stage="1" lat="2">
<core>RAM</core>
<MemPortIdVec></MemPortIdVec>
<condition id="6">
<or_exp><and_exp></and_exp></or_exp>
</condition>

<Node id="26" bw="8" op_0_bw="4">
<![CDATA[
:4  %K_load = load i8* %K_addr, align 1

]]></Node>
<StgValue><ssdm name="K_load"/></StgValue>
</operation>

<operation id="35" st_id="3" stage="1" lat="1">
<core>NULL</core>
<MemPortIdVec></MemPortIdVec>
<condition id="6">
<or_exp><and_exp></and_exp></or_exp>
</condition>

<Node id="27" bw="24" op_0_bw="32">
<![CDATA[
:5  %tmp_3 = trunc i32 %tmp_2 to i24

]]></Node>
<StgValue><ssdm name="tmp_3"/></StgValue>
</operation>

<operation id="36" st_id="3" stage="1" lat="1">
<core>NULL</core>
<MemPortIdVec></MemPortIdVec>
<condition id="6">
<or_exp><and_exp></and_exp></or_exp>
</condition>

<Node id="28" bw="32" op_0_bw="32" op_1_bw="24" op_2_bw="8">
<![CDATA[
:6  %L_0 = call i32 @_ssdm_op_BitConcatenate.i32.i24.i8(i24 %tmp_3, i8 %K_load)

]]></Node>
<StgValue><ssdm name="L_0"/></StgValue>
</operation>

<operation id="37" st_id="3" stage="1" lat="1">
<core>NULL</core>
<MemPortIdVec></MemPortIdVec>
<condition id="6">
<or_exp><and_exp></and_exp></or_exp>
</condition>

<Node id="29" bw="0" op_0_bw="2" op_1_bw="0" op_2_bw="2" op_3_bw="0" op_4_bw="2" op_5_bw="0" op_6_bw="2" op_7_bw="0">
<![CDATA[
:7  switch i2 %tmp_1_t, label %branch7 [
    i2 0, label %.branch4_crit_edge
    i2 1, label %branch5
    i2 -2, label %branch6
  ]

]]></Node>
<StgValue><ssdm name=""/></StgValue>
</operation>

<operation id="38" st_id="3" stage="1" lat="1">
<core>NULL</core>
<MemPortIdVec></MemPortIdVec>
<condition id="8">
<or_exp><and_exp><literal name="tmp_1_t" val="2"/>
</and_exp></or_exp>
</condition>

<Node id="31" bw="0" op_0_bw="32" op_1_bw="32">
<![CDATA[
branch6:0  store i32 %L_0, i32* %L_3_5

]]></Node>
<StgValue><ssdm name=""/></StgValue>
</operation>

<operation id="39" st_id="3" stage="1" lat="1">
<core>NULL</core>
<MemPortIdVec></MemPortIdVec>
<condition id="8">
<or_exp><and_exp><literal name="tmp_1_t" val="2"/>
</and_exp></or_exp>
</condition>

<Node id="32" bw="0" op_0_bw="0">
<![CDATA[
branch6:1  br label %branch4

]]></Node>
<StgValue><ssdm name=""/></StgValue>
</operation>

<operation id="40" st_id="3" stage="1" lat="1">
<core>NULL</core>
<MemPortIdVec></MemPortIdVec>
<condition id="10">
<or_exp><and_exp><literal name="tmp_1_t" val="1"/>
</and_exp></or_exp>
</condition>

<Node id="34" bw="0" op_0_bw="32" op_1_bw="32">
<![CDATA[
branch5:0  store i32 %L_0, i32* %L_3_4

]]></Node>
<StgValue><ssdm name=""/></StgValue>
</operation>

<operation id="41" st_id="3" stage="1" lat="1">
<core>NULL</core>
<MemPortIdVec></MemPortIdVec>
<condition id="10">
<or_exp><and_exp><literal name="tmp_1_t" val="1"/>
</and_exp></or_exp>
</condition>

<Node id="35" bw="0" op_0_bw="0">
<![CDATA[
branch5:1  br label %branch4

]]></Node>
<StgValue><ssdm name=""/></StgValue>
</operation>

<operation id="42" st_id="3" stage="1" lat="1">
<core>NULL</core>
<MemPortIdVec></MemPortIdVec>
<condition id="12">
<or_exp><and_exp><literal name="tmp_1_t" val="0"/>
</and_exp></or_exp>
</condition>

<Node id="37" bw="0" op_0_bw="32" op_1_bw="32">
<![CDATA[
.branch4_crit_edge:0  store i32 %L_0, i32* %L_3_1

]]></Node>
<StgValue><ssdm name=""/></StgValue>
</operation>

<operation id="43" st_id="3" stage="1" lat="1">
<core>NULL</core>
<MemPortIdVec></MemPortIdVec>
<condition id="12">
<or_exp><and_exp><literal name="tmp_1_t" val="0"/>
</and_exp></or_exp>
</condition>

<Node id="38" bw="0" op_0_bw="0">
<![CDATA[
.branch4_crit_edge:1  br label %branch4

]]></Node>
<StgValue><ssdm name=""/></StgValue>
</operation>

<operation id="44" st_id="3" stage="1" lat="1">
<core>NULL</core>
<MemPortIdVec></MemPortIdVec>
<condition id="15">
<or_exp><and_exp><literal name="tmp_1_t" val="3"/>
</and_exp></or_exp>
</condition>

<Node id="40" bw="0" op_0_bw="32" op_1_bw="32">
<![CDATA[
branch7:0  store i32 %L_0, i32* %L_3

]]></Node>
<StgValue><ssdm name=""/></StgValue>
</operation>

<operation id="45" st_id="3" stage="1" lat="1">
<core>NULL</core>
<MemPortIdVec></MemPortIdVec>
<condition id="15">
<or_exp><and_exp><literal name="tmp_1_t" val="3"/>
</and_exp></or_exp>
</condition>

<Node id="41" bw="0" op_0_bw="0">
<![CDATA[
branch7:1  br label %branch4

]]></Node>
<StgValue><ssdm name=""/></StgValue>
</operation>

<operation id="46" st_id="3" stage="1" lat="1">
<core>AddSub</core>
<MemPortIdVec></MemPortIdVec>
<condition id="20">
<or_exp><and_exp></and_exp></or_exp>
</condition>

<Node id="43" bw="5" op_0_bw="5" op_1_bw="5">
<![CDATA[
branch4:0  %i_4 = add i5 %i, -1

]]></Node>
<StgValue><ssdm name="i_4"/></StgValue>
</operation>

<operation id="47" st_id="3" stage="1" lat="1">
<core>NULL</core>
<MemPortIdVec></MemPortIdVec>
<condition id="20">
<or_exp><and_exp></and_exp></or_exp>
</condition>

<Node id="44" bw="0" op_0_bw="0">
<![CDATA[
branch4:1  br label %1

]]></Node>
<StgValue><ssdm name=""/></StgValue>
</operation>
</state>

<state id="4" st_id="4">

<operation id="48" st_id="4" stage="1" lat="1">
<core>NULL</core>
<MemPortIdVec></MemPortIdVec>
<condition id="21">
<or_exp><and_exp></and_exp></or_exp>
</condition>

<Node id="49" bw="5" op_0_bw="5" op_1_bw="0">
<![CDATA[
:0  %i_1 = phi i5 [ 1, %3 ], [ %i_3, %5 ]

]]></Node>
<StgValue><ssdm name="i_1"/></StgValue>
</operation>

<operation id="49" st_id="4" stage="1" lat="1">
<core>Cmp</core>
<MemPortIdVec></MemPortIdVec>
<condition id="21">
<or_exp><and_exp></and_exp></or_exp>
</condition>

<Node id="50" bw="1" op_0_bw="5" op_1_bw="5">
<![CDATA[
:1  %exitcond = icmp eq i5 %i_1, -6

]]></Node>
<StgValue><ssdm name="exitcond"/></StgValue>
</operation>

<operation id="50" st_id="4" stage="1" lat="1">
<core>NULL</core>
<MemPortIdVec></MemPortIdVec>
<condition id="21">
<or_exp><and_exp></and_exp></or_exp>
</condition>

<Node id="51" bw="32" op_0_bw="32" op_1_bw="64" op_2_bw="64" op_3_bw="64">
<![CDATA[
:2  %empty_18 = call i32 (...)* @_ssdm_op_SpecLoopTripCount(i64 25, i64 25, i64 25) nounwind

]]></Node>
<StgValue><ssdm name="empty_18"/></StgValue>
</operation>

<operation id="51" st_id="4" stage="1" lat="1">
<core>NULL</core>
<MemPortIdVec></MemPortIdVec>
<condition id="21">
<or_exp><and_exp></and_exp></or_exp>
</condition>

<Node id="52" bw="0" op_0_bw="1" op_1_bw="0" op_2_bw="0">
<![CDATA[
:3  br i1 %exitcond, label %.preheader.preheader, label %5

]]></Node>
<StgValue><ssdm name=""/></StgValue>
</operation>

<operation id="52" st_id="4" stage="1" lat="1">
<core>AddSub</core>
<MemPortIdVec></MemPortIdVec>
<condition id="23">
<or_exp><and_exp><literal name="exitcond" val="0"/>
</and_exp></or_exp>
</condition>

<Node id="54" bw="5" op_0_bw="5" op_1_bw="5">
<![CDATA[
:0  %tmp_8 = add i5 %i_1, -1

]]></Node>
<StgValue><ssdm name="tmp_8"/></StgValue>
</operation>

<operation id="53" st_id="4" stage="1" lat="1">
<core>NULL</core>
<MemPortIdVec></MemPortIdVec>
<condition id="23">
<or_exp><and_exp><literal name="exitcond" val="0"/>
</and_exp></or_exp>
</condition>

<Node id="55" bw="64" op_0_bw="5">
<![CDATA[
:1  %tmp_9 = zext i5 %tmp_8 to i64

]]></Node>
<StgValue><ssdm name="tmp_9"/></StgValue>
</operation>

<operation id="54" st_id="4" stage="1" lat="1">
<core>NULL</core>
<MemPortIdVec></MemPortIdVec>
<condition id="23">
<or_exp><and_exp><literal name="exitcond" val="0"/>
</and_exp></or_exp>
</condition>

<Node id="56" bw="5" op_0_bw="32" op_1_bw="64" op_2_bw="64">
<![CDATA[
:2  %S_addr = getelementptr inbounds [26 x i32]* @S, i64 0, i64 %tmp_9

]]></Node>
<StgValue><ssdm name="S_addr"/></StgValue>
</operation>

<operation id="55" st_id="4" stage="2" lat="2">
<core>RAM</core>
<MemPortIdVec></MemPortIdVec>
<condition id="23">
<or_exp><and_exp><literal name="exitcond" val="0"/>
</and_exp></or_exp>
</condition>

<Node id="57" bw="32" op_0_bw="5">
<![CDATA[
:3  %S_load = load i32* %S_addr, align 4

]]></Node>
<StgValue><ssdm name="S_load"/></StgValue>
</operation>

<operation id="56" st_id="4" stage="1" lat="1">
<core>NULL</core>
<MemPortIdVec></MemPortIdVec>
<condition id="25">
<or_exp><and_exp><literal name="exitcond" val="1"/>
</and_exp></or_exp>
</condition>

<Node id="65" bw="0" op_0_bw="0">
<![CDATA[
.preheader.preheader:0  br label %.preheader

]]></Node>
<StgValue><ssdm name=""/></StgValue>
</operation>
</state>

<state id="5" st_id="5">

<operation id="57" st_id="5" stage="1" lat="2">
<core>RAM</core>
<MemPortIdVec></MemPortIdVec>
<condition id="26">
<or_exp><and_exp></and_exp></or_exp>
</condition>

<Node id="57" bw="32" op_0_bw="5">
<![CDATA[
:3  %S_load = load i32* %S_addr, align 4

]]></Node>
<StgValue><ssdm name="S_load"/></StgValue>
</operation>

<operation id="58" st_id="5" stage="1" lat="1">
<core>AddSub</core>
<MemPortIdVec></MemPortIdVec>
<condition id="26">
<or_exp><and_exp></and_exp></or_exp>
</condition>

<Node id="58" bw="32" op_0_bw="32" op_1_bw="32">
<![CDATA[
:4  %tmp_s = add i32 %S_load, -1640531527

]]></Node>
<StgValue><ssdm name="tmp_s"/></StgValue>
</operation>

<operation id="59" st_id="5" stage="1" lat="1">
<core>NULL</core>
<MemPortIdVec></MemPortIdVec>
<condition id="26">
<or_exp><and_exp></and_exp></or_exp>
</condition>

<Node id="59" bw="64" op_0_bw="5">
<![CDATA[
:5  %tmp_7 = zext i5 %i_1 to i64

]]></Node>
<StgValue><ssdm name="tmp_7"/></StgValue>
</operation>

<operation id="60" st_id="5" stage="1" lat="1">
<core>NULL</core>
<MemPortIdVec></MemPortIdVec>
<condition id="26">
<or_exp><and_exp></and_exp></or_exp>
</condition>

<Node id="60" bw="5" op_0_bw="32" op_1_bw="64" op_2_bw="64">
<![CDATA[
:6  %S_addr_1 = getelementptr inbounds [26 x i32]* @S, i64 0, i64 %tmp_7

]]></Node>
<StgValue><ssdm name="S_addr_1"/></StgValue>
</operation>

<operation id="61" st_id="5" stage="1" lat="1">
<core>RAM</core>
<MemPortIdVec></MemPortIdVec>
<condition id="26">
<or_exp><and_exp></and_exp></or_exp>
</condition>

<Node id="61" bw="0" op_0_bw="32" op_1_bw="5">
<![CDATA[
:7  store i32 %tmp_s, i32* %S_addr_1, align 4

]]></Node>
<StgValue><ssdm name=""/></StgValue>
</operation>

<operation id="62" st_id="5" stage="1" lat="1">
<core>AddSub</core>
<MemPortIdVec></MemPortIdVec>
<condition id="26">
<or_exp><and_exp></and_exp></or_exp>
</condition>

<Node id="62" bw="5" op_0_bw="5" op_1_bw="5">
<![CDATA[
:8  %i_3 = add i5 %i_1, 1

]]></Node>
<StgValue><ssdm name="i_3"/></StgValue>
</operation>

<operation id="63" st_id="5" stage="1" lat="1">
<core>NULL</core>
<MemPortIdVec></MemPortIdVec>
<condition id="26">
<or_exp><and_exp></and_exp></or_exp>
</condition>

<Node id="63" bw="0" op_0_bw="0">
<![CDATA[
:9  br label %4

]]></Node>
<StgValue><ssdm name=""/></StgValue>
</operation>
</state>

<state id="6" st_id="6">

<operation id="64" st_id="6" stage="1" lat="1">
<core>NULL</core>
<MemPortIdVec></MemPortIdVec>
<condition id="27">
<or_exp><and_exp></and_exp></or_exp>
</condition>

<Node id="67" bw="32" op_0_bw="32" op_1_bw="0">
<![CDATA[
.preheader:0  %L_3_2 = phi i32 [ %L_3_3, %branch0 ], [ %L_3_load, %.preheader.preheader ]

]]></Node>
<StgValue><ssdm name="L_3_2"/></StgValue>
</operation>

<operation id="65" st_id="6" stage="1" lat="1">
<core>NULL</core>
<MemPortIdVec></MemPortIdVec>
<condition id="27">
<or_exp><and_exp></and_exp></or_exp>
</condition>

<Node id="68" bw="32" op_0_bw="32" op_1_bw="0">
<![CDATA[
.preheader:1  %L_2_2 = phi i32 [ %L_2_3, %branch0 ], [ %L_3_5_load, %.preheader.preheader ]

]]></Node>
<StgValue><ssdm name="L_2_2"/></StgValue>
</operation>

<operation id="66" st_id="6" stage="1" lat="1">
<core>NULL</core>
<MemPortIdVec></MemPortIdVec>
<condition id="27">
<or_exp><and_exp></and_exp></or_exp>
</condition>

<Node id="69" bw="32" op_0_bw="32" op_1_bw="0">
<![CDATA[
.preheader:2  %L_1_2 = phi i32 [ %L_1_3, %branch0 ], [ %L_3_4_load, %.preheader.preheader ]

]]></Node>
<StgValue><ssdm name="L_1_2"/></StgValue>
</operation>

<operation id="67" st_id="6" stage="1" lat="1">
<core>NULL</core>
<MemPortIdVec></MemPortIdVec>
<condition id="27">
<or_exp><and_exp></and_exp></or_exp>
</condition>

<Node id="70" bw="32" op_0_bw="32" op_1_bw="0">
<![CDATA[
.preheader:3  %L_0_2 = phi i32 [ %L_0_s, %branch0 ], [ %L_3_1_load, %.preheader.preheader ]

]]></Node>
<StgValue><ssdm name="L_0_2"/></StgValue>
</operation>

<operation id="68" st_id="6" stage="1" lat="1">
<core>NULL</core>
<MemPortIdVec></MemPortIdVec>
<condition id="27">
<or_exp><and_exp></and_exp></or_exp>
</condition>

<Node id="71" bw="32" op_0_bw="32" op_1_bw="0">
<![CDATA[
.preheader:4  %A = phi i32 [ %A_1, %branch0 ], [ 0, %.preheader.preheader ]

]]></Node>
<StgValue><ssdm name="A"/></StgValue>
</operation>

<operation id="69" st_id="6" stage="1" lat="1">
<core>NULL</core>
<MemPortIdVec></MemPortIdVec>
<condition id="27">
<or_exp><and_exp></and_exp></or_exp>
</condition>

<Node id="72" bw="7" op_0_bw="7" op_1_bw="0">
<![CDATA[
.preheader:5  %k = phi i7 [ %k_1, %branch0 ], [ 0, %.preheader.preheader ]

]]></Node>
<StgValue><ssdm name="k"/></StgValue>
</operation>

<operation id="70" st_id="6" stage="1" lat="1">
<core>NULL</core>
<MemPortIdVec></MemPortIdVec>
<condition id="27">
<or_exp><and_exp></and_exp></or_exp>
</condition>

<Node id="73" bw="2" op_0_bw="2" op_1_bw="0">
<![CDATA[
.preheader:6  %j = phi i2 [ %j_1, %branch0 ], [ 0, %.preheader.preheader ]

]]></Node>
<StgValue><ssdm name="j"/></StgValue>
</operation>

<operation id="71" st_id="6" stage="1" lat="1">
<core>NULL</core>
<MemPortIdVec></MemPortIdVec>
<condition id="27">
<or_exp><and_exp></and_exp></or_exp>
</condition>

<Node id="74" bw="5" op_0_bw="5" op_1_bw="0">
<![CDATA[
.preheader:7  %i_2 = phi i5 [ %i_5, %branch0 ], [ 0, %.preheader.preheader ]

]]></Node>
<StgValue><ssdm name="i_2"/></StgValue>
</operation>

<operation id="72" st_id="6" stage="1" lat="1">
<core>NULL</core>
<MemPortIdVec></MemPortIdVec>
<condition id="27">
<or_exp><and_exp></and_exp></or_exp>
</condition>

<Node id="75" bw="32" op_0_bw="32" op_1_bw="0">
<![CDATA[
.preheader:8  %B = phi i32 [ %L_0_1, %branch0 ], [ 0, %.preheader.preheader ]

]]></Node>
<StgValue><ssdm name="B"/></StgValue>
</operation>

<operation id="73" st_id="6" stage="1" lat="1">
<core>Cmp</core>
<MemPortIdVec></MemPortIdVec>
<condition id="27">
<or_exp><and_exp></and_exp></or_exp>
</condition>

<Node id="76" bw="1" op_0_bw="7" op_1_bw="7">
<![CDATA[
.preheader:9  %tmp_5 = icmp eq i7 %k, -50

]]></Node>
<StgValue><ssdm name="tmp_5"/></StgValue>
</operation>

<operation id="74" st_id="6" stage="1" lat="1">
<core>NULL</core>
<MemPortIdVec></MemPortIdVec>
<condition id="27">
<or_exp><and_exp></and_exp></or_exp>
</condition>

<Node id="77" bw="32" op_0_bw="32" op_1_bw="64" op_2_bw="64" op_3_bw="64">
<![CDATA[
.preheader:10  %empty_19 = call i32 (...)* @_ssdm_op_SpecLoopTripCount(i64 78, i64 78, i64 78) nounwind

]]></Node>
<StgValue><ssdm name="empty_19"/></StgValue>
</operation>

<operation id="75" st_id="6" stage="1" lat="1">
<core>AddSub</core>
<MemPortIdVec></MemPortIdVec>
<condition id="27">
<or_exp><and_exp></and_exp></or_exp>
</condition>

<Node id="78" bw="7" op_0_bw="7" op_1_bw="7">
<![CDATA[
.preheader:11  %k_1 = add i7 %k, 1

]]></Node>
<StgValue><ssdm name="k_1"/></StgValue>
</operation>

<operation id="76" st_id="6" stage="1" lat="1">
<core>NULL</core>
<MemPortIdVec></MemPortIdVec>
<condition id="27">
<or_exp><and_exp></and_exp></or_exp>
</condition>

<Node id="79" bw="0" op_0_bw="1" op_1_bw="0" op_2_bw="0">
<![CDATA[
.preheader:12  br i1 %tmp_5, label %.preheader2.preheader_ifconv, label %6

]]></Node>
<StgValue><ssdm name=""/></StgValue>
</operation>

<operation id="77" st_id="6" stage="1" lat="1">
<core>NULL</core>
<MemPortIdVec></MemPortIdVec>
<condition id="29">
<or_exp><and_exp><literal name="tmp_5" val="0"/>
</and_exp></or_exp>
</condition>

<Node id="81" bw="64" op_0_bw="5">
<![CDATA[
:0  %tmp_6 = zext i5 %i_2 to i64

]]></Node>
<StgValue><ssdm name="tmp_6"/></StgValue>
</operation>

<operation id="78" st_id="6" stage="1" lat="1">
<core>NULL</core>
<MemPortIdVec></MemPortIdVec>
<condition id="29">
<or_exp><and_exp><literal name="tmp_5" val="0"/>
</and_exp></or_exp>
</condition>

<Node id="82" bw="5" op_0_bw="32" op_1_bw="64" op_2_bw="64">
<![CDATA[
:1  %S_addr_2 = getelementptr inbounds [26 x i32]* @S, i64 0, i64 %tmp_6

]]></Node>
<StgValue><ssdm name="S_addr_2"/></StgValue>
</operation>

<operation id="79" st_id="6" stage="2" lat="2">
<core>RAM</core>
<MemPortIdVec></MemPortIdVec>
<condition id="29">
<or_exp><and_exp><literal name="tmp_5" val="0"/>
</and_exp></or_exp>
</condition>

<Node id="83" bw="32" op_0_bw="5">
<![CDATA[
:2  %S_load_1 = load i32* %S_addr_2, align 4

]]></Node>
<StgValue><ssdm name="S_load_1"/></StgValue>
</operation>

<operation id="80" st_id="6" stage="1" lat="1">
<core>NULL</core>
<MemPortIdVec></MemPortIdVec>
<condition id="31">
<or_exp><and_exp><literal name="tmp_5" val="1"/>
</and_exp></or_exp>
</condition>

<Node id="123" bw="0">
<![CDATA[
.preheader2.preheader_ifconv:0  ret void

]]></Node>
<StgValue><ssdm name=""/></StgValue>
</operation>
</state>

<state id="7" st_id="7">

<operation id="81" st_id="7" stage="1" lat="2">
<core>RAM</core>
<MemPortIdVec></MemPortIdVec>
<condition id="32">
<or_exp><and_exp></and_exp></or_exp>
</condition>

<Node id="83" bw="32" op_0_bw="5">
<![CDATA[
:2  %S_load_1 = load i32* %S_addr_2, align 4

]]></Node>
<StgValue><ssdm name="S_load_1"/></StgValue>
</operation>

<operation id="82" st_id="7" stage="1" lat="1">
<core>TAddSub</core>
<MemPortIdVec></MemPortIdVec>
<condition id="32">
<or_exp><and_exp></and_exp></or_exp>
</condition>

<Node id="84" bw="32" op_0_bw="32" op_1_bw="32">
<![CDATA[
:3  %tmp2 = add i32 %A, %B

]]></Node>
<StgValue><ssdm name="tmp2"/></StgValue>
</operation>

<operation id="83" st_id="7" stage="1" lat="1">
<core>TAddSub</core>
<MemPortIdVec></MemPortIdVec>
<condition id="32">
<or_exp><and_exp></and_exp></or_exp>
</condition>

<Node id="85" bw="32" op_0_bw="32" op_1_bw="32">
<![CDATA[
:4  %tmp_1 = add i32 %S_load_1, %tmp2

]]></Node>
<StgValue><ssdm name="tmp_1"/></StgValue>
</operation>

<operation id="84" st_id="7" stage="1" lat="1">
<core>NULL</core>
<MemPortIdVec></MemPortIdVec>
<condition id="32">
<or_exp><and_exp></and_exp></or_exp>
</condition>

<Node id="86" bw="29" op_0_bw="32">
<![CDATA[
:5  %tmp_10 = trunc i32 %tmp_1 to i29

]]></Node>
<StgValue><ssdm name="tmp_10"/></StgValue>
</operation>

<operation id="85" st_id="7" stage="1" lat="1">
<core>NULL</core>
<MemPortIdVec></MemPortIdVec>
<condition id="32">
<or_exp><and_exp></and_exp></or_exp>
</condition>

<Node id="87" bw="3" op_0_bw="3" op_1_bw="32" op_2_bw="32" op_3_bw="32">
<![CDATA[
:6  %tmp_11 = call i3 @_ssdm_op_PartSelect.i3.i32.i32.i32(i32 %tmp_1, i32 29, i32 31)

]]></Node>
<StgValue><ssdm name="tmp_11"/></StgValue>
</operation>

<operation id="86" st_id="7" stage="1" lat="1">
<core>NULL</core>
<MemPortIdVec></MemPortIdVec>
<condition id="32">
<or_exp><and_exp></and_exp></or_exp>
</condition>

<Node id="88" bw="2" op_0_bw="32">
<![CDATA[
:7  %tmp_12 = trunc i32 %tmp_1 to i2

]]></Node>
<StgValue><ssdm name="tmp_12"/></StgValue>
</operation>
</state>

<state id="8" st_id="8">

<operation id="87" st_id="8" stage="1" lat="1">
<core>NULL</core>
<MemPortIdVec></MemPortIdVec>
<condition id="33">
<or_exp><and_exp></and_exp></or_exp>
</condition>

<Node id="89" bw="32" op_0_bw="32" op_1_bw="29" op_2_bw="3">
<![CDATA[
:8  %A_1 = call i32 @_ssdm_op_BitConcatenate.i32.i29.i3(i29 %tmp_10, i3 %tmp_11)

]]></Node>
<StgValue><ssdm name="A_1"/></StgValue>
</operation>

<operation id="88" st_id="8" stage="1" lat="1">
<core>RAM</core>
<MemPortIdVec></MemPortIdVec>
<condition id="33">
<or_exp><and_exp></and_exp></or_exp>
</condition>

<Node id="90" bw="0" op_0_bw="32" op_1_bw="5">
<![CDATA[
:9  store i32 %A_1, i32* %S_addr_2, align 4

]]></Node>
<StgValue><ssdm name=""/></StgValue>
</operation>

<operation id="89" st_id="8" stage="1" lat="1">
<core>MuxnS</core>
<MemPortIdVec></MemPortIdVec>
<condition id="33">
<or_exp><and_exp></and_exp></or_exp>
</condition>

<Node id="91" bw="32" op_0_bw="32" op_1_bw="32" op_2_bw="32" op_3_bw="32" op_4_bw="32" op_5_bw="2">
<![CDATA[
:10  %tmp_13 = call i32 @_ssdm_op_Mux.ap_auto.4i32.i2(i32 %L_0_2, i32 %L_1_2, i32 %L_2_2, i32 %L_3_2, i2 %j) nounwind

]]></Node>
<StgValue><ssdm name="tmp_13"/></StgValue>
</operation>

<operation id="90" st_id="8" stage="1" lat="1">
<core>NULL</core>
<MemPortIdVec></MemPortIdVec>
<condition id="33">
<or_exp><and_exp></and_exp></or_exp>
</condition>

<Node id="92" bw="5" op_0_bw="32">
<![CDATA[
:11  %tmp_14 = trunc i32 %B to i5

]]></Node>
<StgValue><ssdm name="tmp_14"/></StgValue>
</operation>

<operation id="91" st_id="8" stage="1" lat="1">
<core>NULL</core>
<MemPortIdVec></MemPortIdVec>
<condition id="33">
<or_exp><and_exp></and_exp></or_exp>
</condition>

<Node id="93" bw="5" op_0_bw="5" op_1_bw="2" op_2_bw="3">
<![CDATA[
:12  %tmp_17 = call i5 @_ssdm_op_BitConcatenate.i5.i2.i3(i2 %tmp_12, i3 %tmp_11)

]]></Node>
<StgValue><ssdm name="tmp_17"/></StgValue>
</operation>

<operation id="92" st_id="8" stage="1" lat="1">
<core>TAddSub</core>
<MemPortIdVec></MemPortIdVec>
<condition id="33">
<or_exp><and_exp></and_exp></or_exp>
</condition>

<Node id="94" bw="32" op_0_bw="32" op_1_bw="32">
<![CDATA[
:13  %tmp_15 = add i32 %B, %A_1

]]></Node>
<StgValue><ssdm name="tmp_15"/></StgValue>
</operation>

<operation id="93" st_id="8" stage="1" lat="1">
<core>AddSub</core>
<MemPortIdVec></MemPortIdVec>
<condition id="33">
<or_exp><and_exp></and_exp></or_exp>
</condition>

<Node id="95" bw="5" op_0_bw="5" op_1_bw="5">
<![CDATA[
:14  %tmp_15_cast = add i5 %tmp_17, %tmp_14

]]></Node>
<StgValue><ssdm name="tmp_15_cast"/></StgValue>
</operation>

<operation id="94" st_id="8" stage="1" lat="1">
<core>TAddSub</core>
<MemPortIdVec></MemPortIdVec>
<condition id="33">
<or_exp><and_exp></and_exp></or_exp>
</condition>

<Node id="96" bw="32" op_0_bw="32" op_1_bw="32">
<![CDATA[
:15  %tmp_16 = add i32 %tmp_13, %tmp_15

]]></Node>
<StgValue><ssdm name="tmp_16"/></StgValue>
</operation>
</state>

<state id="9" st_id="9">

<operation id="95" st_id="9" stage="1" lat="1">
<core>NULL</core>
<MemPortIdVec></MemPortIdVec>
<condition id="34">
<or_exp><and_exp></and_exp></or_exp>
</condition>

<Node id="97" bw="6" op_0_bw="5">
<![CDATA[
:16  %tmp_17_cast3 = zext i5 %tmp_15_cast to i6

]]></Node>
<StgValue><ssdm name="tmp_17_cast3"/></StgValue>
</operation>

<operation id="96" st_id="9" stage="1" lat="1">
<core>NULL</core>
<MemPortIdVec></MemPortIdVec>
<condition id="34">
<or_exp><and_exp></and_exp></or_exp>
</condition>

<Node id="98" bw="32" op_0_bw="5">
<![CDATA[
:17  %tmp_17_cast = zext i5 %tmp_15_cast to i32

]]></Node>
<StgValue><ssdm name="tmp_17_cast"/></StgValue>
</operation>

<operation id="97" st_id="9" stage="1" lat="1">
<core>Shift</core>
<MemPortIdVec></MemPortIdVec>
<condition id="34">
<or_exp><and_exp></and_exp></or_exp>
</condition>

<Node id="99" bw="32" op_0_bw="32" op_1_bw="32">
<![CDATA[
:18  %tmp_18 = shl i32 %tmp_16, %tmp_17_cast

]]></Node>
<StgValue><ssdm name="tmp_18"/></StgValue>
</operation>

<operation id="98" st_id="9" stage="1" lat="1">
<core>AddSub</core>
<MemPortIdVec></MemPortIdVec>
<condition id="34">
<or_exp><and_exp></and_exp></or_exp>
</condition>

<Node id="100" bw="6" op_0_bw="6" op_1_bw="6">
<![CDATA[
:19  %tmp_19 = sub i6 -32, %tmp_17_cast3

]]></Node>
<StgValue><ssdm name="tmp_19"/></StgValue>
</operation>

<operation id="99" st_id="9" stage="1" lat="1">
<core>NULL</core>
<MemPortIdVec></MemPortIdVec>
<condition id="34">
<or_exp><and_exp></and_exp></or_exp>
</condition>

<Node id="101" bw="32" op_0_bw="6">
<![CDATA[
:20  %tmp_19_cast = zext i6 %tmp_19 to i32

]]></Node>
<StgValue><ssdm name="tmp_19_cast"/></StgValue>
</operation>

<operation id="100" st_id="9" stage="1" lat="1">
<core>Shift</core>
<MemPortIdVec></MemPortIdVec>
<condition id="34">
<or_exp><and_exp></and_exp></or_exp>
</condition>

<Node id="102" bw="32" op_0_bw="32" op_1_bw="32">
<![CDATA[
:21  %tmp_20 = lshr i32 %tmp_16, %tmp_19_cast

]]></Node>
<StgValue><ssdm name="tmp_20"/></StgValue>
</operation>

<operation id="101" st_id="9" stage="1" lat="1">
<core>LogicGate</core>
<MemPortIdVec></MemPortIdVec>
<condition id="34">
<or_exp><and_exp></and_exp></or_exp>
</condition>

<Node id="103" bw="32" op_0_bw="32" op_1_bw="32">
<![CDATA[
:22  %L_0_1 = or i32 %tmp_20, %tmp_18

]]></Node>
<StgValue><ssdm name="L_0_1"/></StgValue>
</operation>

<operation id="102" st_id="9" stage="1" lat="1">
<core>NULL</core>
<MemPortIdVec></MemPortIdVec>
<condition id="34">
<or_exp><and_exp></and_exp></or_exp>
</condition>

<Node id="104" bw="0" op_0_bw="2" op_1_bw="0" op_2_bw="2" op_3_bw="0" op_4_bw="2" op_5_bw="0" op_6_bw="2" op_7_bw="0">
<![CDATA[
:23  switch i2 %j, label %branch3 [
    i2 0, label %branch0
    i2 1, label %branch1
    i2 -2, label %branch2
  ]

]]></Node>
<StgValue><ssdm name=""/></StgValue>
</operation>

<operation id="103" st_id="9" stage="1" lat="1">
<core>NULL</core>
<MemPortIdVec></MemPortIdVec>
<condition id="36">
<or_exp><and_exp><literal name="j" val="2"/>
</and_exp></or_exp>
</condition>

<Node id="106" bw="0" op_0_bw="0">
<![CDATA[
branch2:0  br label %branch0

]]></Node>
<StgValue><ssdm name=""/></StgValue>
</operation>

<operation id="104" st_id="9" stage="1" lat="1">
<core>NULL</core>
<MemPortIdVec></MemPortIdVec>
<condition id="38">
<or_exp><and_exp><literal name="j" val="1"/>
</and_exp></or_exp>
</condition>

<Node id="108" bw="0" op_0_bw="0">
<![CDATA[
branch1:0  br label %branch0

]]></Node>
<StgValue><ssdm name=""/></StgValue>
</operation>

<operation id="105" st_id="9" stage="1" lat="1">
<core>NULL</core>
<MemPortIdVec></MemPortIdVec>
<condition id="41">
<or_exp><and_exp><literal name="j" val="3"/>
</and_exp></or_exp>
</condition>

<Node id="110" bw="0" op_0_bw="0">
<![CDATA[
branch3:0  br label %branch0

]]></Node>
<StgValue><ssdm name=""/></StgValue>
</operation>

<operation id="106" st_id="9" stage="1" lat="1">
<core>NULL</core>
<MemPortIdVec></MemPortIdVec>
<condition id="46">
<or_exp><and_exp></and_exp></or_exp>
</condition>

<Node id="112" bw="32" op_0_bw="32" op_1_bw="0" op_2_bw="32" op_3_bw="0">
<![CDATA[
branch0:0  %L_3_3 = phi i32 [ %L_0_1, %branch3 ], [ %L_3_2, %branch2 ], [ %L_3_2, %branch1 ], [ %L_3_2, %6 ]

]]></Node>
<StgValue><ssdm name="L_3_3"/></StgValue>
</operation>

<operation id="107" st_id="9" stage="1" lat="1">
<core>NULL</core>
<MemPortIdVec></MemPortIdVec>
<condition id="46">
<or_exp><and_exp></and_exp></or_exp>
</condition>

<Node id="113" bw="32" op_0_bw="32" op_1_bw="0" op_2_bw="32" op_3_bw="0">
<![CDATA[
branch0:1  %L_2_3 = phi i32 [ %L_2_2, %branch3 ], [ %L_0_1, %branch2 ], [ %L_2_2, %branch1 ], [ %L_2_2, %6 ]

]]></Node>
<StgValue><ssdm name="L_2_3"/></StgValue>
</operation>

<operation id="108" st_id="9" stage="1" lat="1">
<core>NULL</core>
<MemPortIdVec></MemPortIdVec>
<condition id="46">
<or_exp><and_exp></and_exp></or_exp>
</condition>

<Node id="114" bw="32" op_0_bw="32" op_1_bw="0" op_2_bw="32" op_3_bw="0">
<![CDATA[
branch0:2  %L_1_3 = phi i32 [ %L_1_2, %branch3 ], [ %L_1_2, %branch2 ], [ %L_0_1, %branch1 ], [ %L_1_2, %6 ]

]]></Node>
<StgValue><ssdm name="L_1_3"/></StgValue>
</operation>

<operation id="109" st_id="9" stage="1" lat="1">
<core>NULL</core>
<MemPortIdVec></MemPortIdVec>
<condition id="46">
<or_exp><and_exp></and_exp></or_exp>
</condition>

<Node id="115" bw="32" op_0_bw="32" op_1_bw="0" op_2_bw="32" op_3_bw="0">
<![CDATA[
branch0:3  %L_0_s = phi i32 [ %L_0_2, %branch3 ], [ %L_0_2, %branch2 ], [ %L_0_2, %branch1 ], [ %L_0_1, %6 ]

]]></Node>
<StgValue><ssdm name="L_0_s"/></StgValue>
</operation>

<operation id="110" st_id="9" stage="1" lat="1">
<core>AddSub</core>
<MemPortIdVec></MemPortIdVec>
<condition id="46">
<or_exp><and_exp></and_exp></or_exp>
</condition>

<Node id="116" bw="5" op_0_bw="5" op_1_bw="5">
<![CDATA[
branch0:4  %tmp_21 = add i5 %i_2, 1

]]></Node>
<StgValue><ssdm name="tmp_21"/></StgValue>
</operation>

<operation id="111" st_id="9" stage="1" lat="1">
<core>Cmp</core>
<MemPortIdVec></MemPortIdVec>
<condition id="46">
<or_exp><and_exp></and_exp></or_exp>
</condition>

<Node id="117" bw="1" op_0_bw="5" op_1_bw="5">
<![CDATA[
branch0:5  %tmp_22 = icmp ult i5 %tmp_21, -6

]]></Node>
<StgValue><ssdm name="tmp_22"/></StgValue>
</operation>

<operation id="112" st_id="9" stage="1" lat="1">
<core>AddSub</core>
<MemPortIdVec></MemPortIdVec>
<condition id="46">
<or_exp><and_exp></and_exp></or_exp>
</condition>

<Node id="118" bw="5" op_0_bw="5" op_1_bw="5">
<![CDATA[
branch0:6  %tmp_23 = add i5 %i_2, 7

]]></Node>
<StgValue><ssdm name="tmp_23"/></StgValue>
</operation>

<operation id="113" st_id="9" stage="1" lat="1">
<core>Sel</core>
<MemPortIdVec></MemPortIdVec>
<condition id="46">
<or_exp><and_exp></and_exp></or_exp>
</condition>

<Node id="119" bw="5" op_0_bw="1" op_1_bw="5" op_2_bw="5">
<![CDATA[
branch0:7  %i_5 = select i1 %tmp_22, i5 %tmp_21, i5 %tmp_23

]]></Node>
<StgValue><ssdm name="i_5"/></StgValue>
</operation>

<operation id="114" st_id="9" stage="1" lat="1">
<core>AddSub</core>
<MemPortIdVec></MemPortIdVec>
<condition id="46">
<or_exp><and_exp></and_exp></or_exp>
</condition>

<Node id="120" bw="2" op_0_bw="2" op_1_bw="2">
<![CDATA[
branch0:8  %j_1 = add i2 %j, 1

]]></Node>
<StgValue><ssdm name="j_1"/></StgValue>
</operation>

<operation id="115" st_id="9" stage="1" lat="1">
<core>NULL</core>
<MemPortIdVec></MemPortIdVec>
<condition id="46">
<or_exp><and_exp></and_exp></or_exp>
</condition>

<Node id="121" bw="0" op_0_bw="0">
<![CDATA[
branch0:9  br label %.preheader

]]></Node>
<StgValue><ssdm name=""/></StgValue>
</operation>
</state>
</state_list>


<ports>
</ports>


<dataflows>
</dataflows>


</stg>
