{
  "Top": "RC5_SETUP",
  "RtlTop": "RC5_SETUP",
  "RtlPrefix": "",
  "SourceLanguage": "c",
  "ResetStyle": "control",
  "GenerateBdFiles": "0",
  "HostMachineBits": "64",
  "Target": {
    "Family": "zynq",
    "Device": "xc7z010",
    "Package": "clg400",
    "Speed": "-1"
  },
  "HlsSolution": {"Directives": ["dataflow RC5_SETUP {} {}"]},
  "ClockInfo": {
    "ClockName": "ap_clk",
    "ClockPeriod": "10",
    "IsCombLogic": "0",
    "II": "x",
    "Latency": "397",
    "Uncertainty": "1"
  },
  "Xdc": {"OocClocks": ["create_clock -name ap_clk -period 10.000 [get_ports ap_clk]"]},
  "Ipx": {
    "Vendor": "xilinx.com",
    "Library": "hls",
    "Name": "RC5_SETUP",
    "Version": "1.0",
    "DisplayName": "Rc5_setup",
    "Revision": "",
    "Description": "An IP generated by Vivado HLS",
    "Taxonomy": "\/VIVADO_HLS_IP"
  },
  "Files": {
    "CSource": ["..\/..\/RC5key.c"],
    "Vhdl": [
      "impl\/vhdl\/Block_proc4.vhd",
      "impl\/vhdl\/Block_proc4_L.vhd",
      "impl\/vhdl\/Block_proc4_S.vhd",
      "impl\/vhdl\/RC5_SETUP.vhd"
    ],
    "Verilog": [
      "impl\/verilog\/Block_proc4.v",
      "impl\/verilog\/Block_proc4_L.v",
      "impl\/verilog\/Block_proc4_S.v",
      "impl\/verilog\/Block_proc4_S_ram.dat",
      "impl\/verilog\/RC5_SETUP.v"
    ],
    "Misc": ["impl\/misc\/logo.png"]
  },
  "SubcoreInfo": {
    "HasXpmMemory": false,
    "HasClockedDsp": false,
    "IP": []
  },
  "Interfaces": {
    "K_address0": {
      "type": "data",
      "dir": "out",
      "width": "4",
      "ctype": {"DATA": {
          "Type": "null",
          "Width": "4"
        }}
    },
    "K_address1": {
      "type": "data",
      "dir": "out",
      "width": "4",
      "ctype": {"DATA": {
          "Type": "null",
          "Width": "4"
        }}
    },
    "K_d0": {
      "type": "data",
      "dir": "out",
      "width": "8",
      "ctype": {"DATA": {
          "Type": "integer unsigned",
          "Width": "8"
        }}
    },
    "K_d1": {
      "type": "data",
      "dir": "out",
      "width": "8",
      "ctype": {"DATA": {
          "Type": "integer unsigned",
          "Width": "8"
        }}
    },
    "K_q0": {
      "type": "data",
      "dir": "in",
      "width": "8",
      "ctype": {"DATA": {
          "Type": "integer unsigned",
          "Width": "8"
        }}
    },
    "K_q1": {
      "type": "data",
      "dir": "in",
      "width": "8",
      "ctype": {"DATA": {
          "Type": "integer unsigned",
          "Width": "8"
        }}
    },
    "ap_clk": {
      "type": "clock",
      "ctype": {"CLK": {"Type": "bool"}},
      "reset": "ap_rst"
    },
    "ap_ctrl": {
      "type": "ap_ctrl",
      "ctrl_ports": "ap_start ap_ready ap_done ap_idle",
      "ctype": {
        "start": {"Type": "bool"},
        "ready": {"Type": "bool"},
        "done": {"Type": "bool"},
        "idle": {"Type": "bool"}
      }
    },
    "ap_rst": {
      "type": "reset",
      "polarity": "ACTIVE_HIGH",
      "ctype": {"RST": {"Type": "bool"}}
    }
  },
  "RtlPorts": {
    "K_address0": {
      "dir": "out",
      "width": "4"
    },
    "K_ce0": {
      "dir": "out",
      "width": "1"
    },
    "K_d0": {
      "dir": "out",
      "width": "8"
    },
    "K_q0": {
      "dir": "in",
      "width": "8"
    },
    "K_we0": {
      "dir": "out",
      "width": "1"
    },
    "K_address1": {
      "dir": "out",
      "width": "4"
    },
    "K_ce1": {
      "dir": "out",
      "width": "1"
    },
    "K_d1": {
      "dir": "out",
      "width": "8"
    },
    "K_q1": {
      "dir": "in",
      "width": "8"
    },
    "K_we1": {
      "dir": "out",
      "width": "1"
    },
    "ap_clk": {
      "dir": "in",
      "width": "1"
    },
    "ap_rst": {
      "dir": "in",
      "width": "1"
    },
    "ap_start": {
      "dir": "in",
      "width": "1"
    },
    "ap_ready": {
      "dir": "out",
      "width": "1"
    },
    "ap_done": {
      "dir": "out",
      "width": "1"
    },
    "ap_idle": {
      "dir": "out",
      "width": "1"
    }
  },
  "CPorts": {
    "K_d0": {
      "interfaceRef": "K_d0",
      "dir": "out",
      "dataWidth": "8",
      "busTypeRef": "ap_memory",
      "arraySize": "16",
      "handshakeRef": "ap_none"
    },
    "K_q0": {
      "interfaceRef": "K_q0",
      "dir": "in",
      "dataWidth": "8",
      "busTypeRef": "ap_memory",
      "arraySize": "16",
      "handshakeRef": "ap_none"
    },
    "K_d1": {
      "interfaceRef": "K_d1",
      "dir": "out",
      "dataWidth": "8",
      "busTypeRef": "ap_memory",
      "arraySize": "16",
      "handshakeRef": "ap_none"
    },
    "K_q1": {
      "interfaceRef": "K_q1",
      "dir": "in",
      "dataWidth": "8",
      "busTypeRef": "ap_memory",
      "arraySize": "16",
      "handshakeRef": "ap_none"
    },
    "ap_ctrl": {
      "interfaceRef": "ap_ctrl",
      "dir": "out"
    }
  },
  "ModuleInfo": {
    "Hierarchy": {
      "ModuleName": "RC5_SETUP",
      "Instances": [{
          "ModuleName": "Block_proc4",
          "InstanceName": "Block_proc4_U0"
        }]
    },
    "Metrics": {
      "Block_proc4": {
        "Latency": {
          "LatencyBest": "397",
          "LatencyAvg": "397",
          "LatencyWorst": "397",
          "PipelineII": "397",
          "PipelineDepth": "",
          "PipelineType": "none"
        },
        "Timing": {
          "Target": "10.00",
          "Uncertainty": "1.00",
          "Estimate": "8.567"
        },
        "Loops": [
          {
            "Name": "Loop 1",
            "TripCount": "16",
            "Latency": "32",
            "PipelineII": "",
            "PipelineDepth": "2"
          },
          {
            "Name": "Loop 2",
            "TripCount": "25",
            "Latency": "50",
            "PipelineII": "",
            "PipelineDepth": "2"
          },
          {
            "Name": "Loop 3",
            "TripCount": "78",
            "Latency": "312",
            "PipelineII": "",
            "PipelineDepth": "4"
          }
        ],
        "Area": {
          "BRAM_18K": "0",
          "FF": "357",
          "LUT": "824",
          "DSP48E": "0"
        }
      },
      "RC5_SETUP": {
        "Latency": {
          "LatencyBest": "397",
          "LatencyAvg": "397",
          "LatencyWorst": "397",
          "PipelineII": "398",
          "PipelineDepth": "",
          "PipelineType": "dataflow"
        },
        "Timing": {
          "Target": "10.00",
          "Uncertainty": "1.00",
          "Estimate": "8.567"
        },
        "Area": {
          "BRAM_18K": "0",
          "FF": "357",
          "LUT": "824",
          "DSP48E": "0"
        }
      }
    }
  },
  "Sdx": {
    "Target": "none",
    "ProfileOption": "0",
    "ProfileType": "none"
  },
  "GenData": {
    "DataVersion": "0.1",
    "Time": "2018-11-19 13:59:53 -0500",
    "ToolName": "vivado_hls",
    "ToolVersion": "2018.2"
  }
}
