<stg><name>RC5_SETUP</name>


<trans_list>

<trans id="117" from="1" to="2">
<condition id="48">
<or_exp><and_exp></and_exp></or_exp>
</condition>
</trans>

<trans id="118" from="2" to="3">
<condition id="49">
<or_exp><and_exp><literal name="tmp" val="0"/>
</and_exp></or_exp>
</condition>
</trans>

<trans id="121" from="2" to="4">
<condition id="54">
<or_exp><and_exp><literal name="tmp" val="1"/>
</and_exp></or_exp>
</condition>
</trans>

<trans id="120" from="3" to="2">
<condition id="52">
<or_exp><and_exp></and_exp></or_exp>
</condition>
</trans>

<trans id="122" from="4" to="5">
<condition id="55">
<or_exp><and_exp><literal name="exitcond" val="0"/>
</and_exp></or_exp>
</condition>
</trans>

<trans id="125" from="4" to="6">
<condition id="60">
<or_exp><and_exp><literal name="exitcond" val="1"/>
</and_exp></or_exp>
</condition>
</trans>

<trans id="124" from="5" to="4">
<condition id="58">
<or_exp><and_exp></and_exp></or_exp>
</condition>
</trans>

<trans id="126" from="6" to="7">
<condition id="61">
<or_exp><and_exp><literal name="tmp_5" val="0"/>
</and_exp></or_exp>
</condition>
</trans>

<trans id="128" from="7" to="8">
<condition id="63">
<or_exp><and_exp></and_exp></or_exp>
</condition>
</trans>

<trans id="129" from="8" to="9">
<condition id="64">
<or_exp><and_exp></and_exp></or_exp>
</condition>
</trans>

<trans id="130" from="9" to="6">
<condition id="66">
<or_exp><and_exp></and_exp></or_exp>
</condition>
</trans>
</trans_list>



<state_list>

<state id="1" st_id="1">

<operation id="10" st_id="1" stage="1" lat="1">
<core>NULL</core>
<MemPortIdVec></MemPortIdVec>
<condition id="0">
<or_exp><and_exp></and_exp></or_exp>
</condition>

<Node id="3" bw="32" op_0_bw="32">
<![CDATA[
:0  %L_3_1 = alloca i32

]]></Node>
<StgValue><ssdm name="L_3_1"/></StgValue>
</operation>

<operation id="11" st_id="1" stage="1" lat="1">
<core>NULL</core>
<MemPortIdVec></MemPortIdVec>
<condition id="0">
<or_exp><and_exp></and_exp></or_exp>
</condition>

<Node id="4" bw="32" op_0_bw="32">
<![CDATA[
:1  %L_3_4 = alloca i32

]]></Node>
<StgValue><ssdm name="L_3_4"/></StgValue>
</operation>

<operation id="12" st_id="1" stage="1" lat="1">
<core>NULL</core>
<MemPortIdVec></MemPortIdVec>
<condition id="0">
<or_exp><and_exp></and_exp></or_exp>
</condition>

<Node id="5" bw="32" op_0_bw="32">
<![CDATA[
:2  %L_3_5 = alloca i32

]]></Node>
<StgValue><ssdm name="L_3_5"/></StgValue>
</operation>

<operation id="13" st_id="1" stage="1" lat="1">
<core>NULL</core>
<MemPortIdVec></MemPortIdVec>
<condition id="0">
<or_exp><and_exp></and_exp></or_exp>
</condition>

<Node id="6" bw="32" op_0_bw="32">
<![CDATA[
:3  %L_3 = alloca i32

]]></Node>
<StgValue><ssdm name="L_3"/></StgValue>
</operation>

<operation id="14" st_id="1" stage="1" lat="1">
<core>NULL</core>
<MemPortIdVec></MemPortIdVec>
<condition id="0">
<or_exp><and_exp></and_exp></or_exp>
</condition>

<Node id="7" bw="0" op_0_bw="0" op_1_bw="8">
<![CDATA[
:4  call void (...)* @_ssdm_op_SpecBitsMap([16 x i8]* %K) nounwind, !map !40

]]></Node>
<StgValue><ssdm name=""/></StgValue>
</operation>

<operation id="15" st_id="1" stage="1" lat="1">
<core>NULL</core>
<MemPortIdVec></MemPortIdVec>
<condition id="0">
<or_exp><and_exp></and_exp></or_exp>
</condition>

<Node id="8" bw="0" op_0_bw="0" op_1_bw="0">
<![CDATA[
:5  call void (...)* @_ssdm_op_SpecTopModule([10 x i8]* @RC5_SETUP_str) nounwind

]]></Node>
<StgValue><ssdm name=""/></StgValue>
</operation>

<operation id="16" st_id="1" stage="1" lat="1">
<core>NULL</core>
<MemPortIdVec></MemPortIdVec>
<condition id="0">
<or_exp><and_exp></and_exp></or_exp>
</condition>

<Node id="9" bw="0" op_0_bw="0" op_1_bw="32" op_2_bw="32" op_3_bw="0">
<![CDATA[
:6  call void (...)* @_ssdm_op_SpecLatency(i32 0, i32 65535, [1 x i8]* @p_str) nounwind

]]></Node>
<StgValue><ssdm name=""/></StgValue>
</operation>

<operation id="17" st_id="1" stage="1" lat="1">
<core>NULL</core>
<MemPortIdVec></MemPortIdVec>
<condition id="0">
<or_exp><and_exp></and_exp></or_exp>
</condition>

<Node id="10" bw="0" op_0_bw="32" op_1_bw="32">
<![CDATA[
:7  store i32 0, i32* %L_3

]]></Node>
<StgValue><ssdm name=""/></StgValue>
</operation>

<operation id="18" st_id="1" stage="1" lat="1">
<core>NULL</core>
<MemPortIdVec></MemPortIdVec>
<condition id="0">
<or_exp><and_exp></and_exp></or_exp>
</condition>

<Node id="11" bw="0" op_0_bw="0">
<![CDATA[
:8  br label %1

]]></Node>
<StgValue><ssdm name=""/></StgValue>
</operation>
</state>

<state id="2" st_id="2">

<operation id="19" st_id="2" stage="1" lat="1">
<core>NULL</core>
<MemPortIdVec></MemPortIdVec>
<condition id="1">
<or_exp><and_exp></and_exp></or_exp>
</condition>

<Node id="13" bw="5" op_0_bw="5" op_1_bw="0">
<![CDATA[
:0  %i = phi i5 [ 15, %0 ], [ %i_4, %branch4 ]

]]></Node>
<StgValue><ssdm name="i"/></StgValue>
</operation>

<operation id="20" st_id="2" stage="1" lat="1">
<core>NULL</core>
<MemPortIdVec></MemPortIdVec>
<condition id="1">
<or_exp><and_exp></and_exp></or_exp>
</condition>

<Node id="14" bw="32" op_0_bw="32">
<![CDATA[
:1  %L_3_1_load = load i32* %L_3_1

]]></Node>
<StgValue><ssdm name="L_3_1_load"/></StgValue>
</operation>

<operation id="21" st_id="2" stage="1" lat="1">
<core>NULL</core>
<MemPortIdVec></MemPortIdVec>
<condition id="1">
<or_exp><and_exp></and_exp></or_exp>
</condition>

<Node id="15" bw="32" op_0_bw="32">
<![CDATA[
:2  %L_3_4_load = load i32* %L_3_4

]]></Node>
<StgValue><ssdm name="L_3_4_load"/></StgValue>
</operation>

<operation id="22" st_id="2" stage="1" lat="1">
<core>NULL</core>
<MemPortIdVec></MemPortIdVec>
<condition id="1">
<or_exp><and_exp></and_exp></or_exp>
</condition>

<Node id="16" bw="32" op_0_bw="32">
<![CDATA[
:3  %L_3_5_load = load i32* %L_3_5

]]></Node>
<StgValue><ssdm name="L_3_5_load"/></StgValue>
</operation>

<operation id="23" st_id="2" stage="1" lat="1">
<core>NULL</core>
<MemPortIdVec></MemPortIdVec>
<condition id="1">
<or_exp><and_exp></and_exp></or_exp>
</condition>

<Node id="17" bw="32" op_0_bw="32">
<![CDATA[
:4  %L_3_load = load i32* %L_3

]]></Node>
<StgValue><ssdm name="L_3_load"/></StgValue>
</operation>

<operation id="24" st_id="2" stage="1" lat="1">
<core>NULL</core>
<MemPortIdVec></MemPortIdVec>
<condition id="1">
<or_exp><and_exp></and_exp></or_exp>
</condition>

<Node id="18" bw="32" op_0_bw="5">
<![CDATA[
:5  %i_cast6 = sext i5 %i to i32

]]></Node>
<StgValue><ssdm name="i_cast6"/></StgValue>
</operation>

<operation id="25" st_id="2" stage="1" lat="1">
<core>Cmp</core>
<MemPortIdVec></MemPortIdVec>
<condition id="1">
<or_exp><and_exp></and_exp></or_exp>
</condition>

<Node id="19" bw="1" op_0_bw="5" op_1_bw="5">
<![CDATA[
:6  %tmp = icmp eq i5 %i, -1

]]></Node>
<StgValue><ssdm name="tmp"/></StgValue>
</operation>

<operation id="26" st_id="2" stage="1" lat="1">
<core>NULL</core>
<MemPortIdVec></MemPortIdVec>
<condition id="1">
<or_exp><and_exp></and_exp></or_exp>
</condition>

<Node id="20" bw="32" op_0_bw="32" op_1_bw="64" op_2_bw="64" op_3_bw="64">
<![CDATA[
:7  %empty = call i32 (...)* @_ssdm_op_SpecLoopTripCount(i64 16, i64 16, i64 16) nounwind

]]></Node>
<StgValue><ssdm name="empty"/></StgValue>
</operation>

<operation id="27" st_id="2" stage="1" lat="1">
<core>NULL</core>
<MemPortIdVec></MemPortIdVec>
<condition id="1">
<or_exp><and_exp></and_exp></or_exp>
</condition>

<Node id="21" bw="0" op_0_bw="1" op_1_bw="0" op_2_bw="0">
<![CDATA[
:8  br i1 %tmp, label %3, label %2

]]></Node>
<StgValue><ssdm name=""/></StgValue>
</operation>

<operation id="28" st_id="2" stage="1" lat="1">
<core>NULL</core>
<MemPortIdVec></MemPortIdVec>
<condition id="3">
<or_exp><and_exp><literal name="tmp" val="0"/>
</and_exp></or_exp>
</condition>

<Node id="25" bw="64" op_0_bw="32">
<![CDATA[
:2  %tmp_4 = zext i32 %i_cast6 to i64

]]></Node>
<StgValue><ssdm name="tmp_4"/></StgValue>
</operation>

<operation id="29" st_id="2" stage="1" lat="1">
<core>NULL</core>
<MemPortIdVec></MemPortIdVec>
<condition id="3">
<or_exp><and_exp><literal name="tmp" val="0"/>
</and_exp></or_exp>
</condition>

<Node id="26" bw="4" op_0_bw="8" op_1_bw="64" op_2_bw="64">
<![CDATA[
:3  %K_addr = getelementptr [16 x i8]* %K, i64 0, i64 %tmp_4

]]></Node>
<StgValue><ssdm name="K_addr"/></StgValue>
</operation>

<operation id="30" st_id="2" stage="2" lat="2">
<core>RAM</core>
<MemPortIdVec>0 </MemPortIdVec>
<condition id="3">
<or_exp><and_exp><literal name="tmp" val="0"/>
</and_exp></or_exp>
</condition>

<Node id="27" bw="8" op_0_bw="4">
<![CDATA[
:4  %K_load = load i8* %K_addr, align 1

]]></Node>
<StgValue><ssdm name="K_load"/></StgValue>
</operation>

<operation id="31" st_id="2" stage="1" lat="1">
<core>RAM</core>
<MemPortIdVec>0 </MemPortIdVec>
<condition id="5">
<or_exp><and_exp><literal name="tmp" val="1"/>
</and_exp></or_exp>
</condition>

<Node id="47" bw="0" op_0_bw="32" op_1_bw="32">
<![CDATA[
:0  store i32 -1209970333, i32* getelementptr inbounds ([26 x i32]* @S, i64 0, i64 0), align 16

]]></Node>
<StgValue><ssdm name=""/></StgValue>
</operation>

<operation id="32" st_id="2" stage="1" lat="1">
<core>NULL</core>
<MemPortIdVec></MemPortIdVec>
<condition id="5">
<or_exp><and_exp><literal name="tmp" val="1"/>
</and_exp></or_exp>
</condition>

<Node id="48" bw="0" op_0_bw="0">
<![CDATA[
:1  br label %4

]]></Node>
<StgValue><ssdm name=""/></StgValue>
</operation>
</state>

<state id="3" st_id="3">

<operation id="33" st_id="3" stage="1" lat="1">
<core>NULL</core>
<MemPortIdVec></MemPortIdVec>
<condition id="6">
<or_exp><and_exp></and_exp></or_exp>
</condition>

<Node id="23" bw="2" op_0_bw="2" op_1_bw="5" op_2_bw="32" op_3_bw="32">
<![CDATA[
:0  %tmp_1_t = call i2 @_ssdm_op_PartSelect.i2.i5.i32.i32(i5 %i, i32 2, i32 3)

]]></Node>
<StgValue><ssdm name="tmp_1_t"/></StgValue>
</operation>

<operation id="34" st_id="3" stage="1" lat="1">
<core>MuxnS</core>
<MemPortIdVec></MemPortIdVec>
<condition id="6">
<or_exp><and_exp></and_exp></or_exp>
</condition>

<Node id="24" bw="32" op_0_bw="32" op_1_bw="32" op_2_bw="32" op_3_bw="32" op_4_bw="32" op_5_bw="2">
<![CDATA[
:1  %tmp_2 = call i32 @_ssdm_op_Mux.ap_auto.4i32.i2(i32 %L_3_1_load, i32 %L_3_4_load, i32 %L_3_5_load, i32 %L_3_load, i2 %tmp_1_t) nounwind

]]></Node>
<StgValue><ssdm name="tmp_2"/></StgValue>
</operation>

<operation id="35" st_id="3" stage="1" lat="2">
<core>RAM</core>
<MemPortIdVec>0 </MemPortIdVec>
<condition id="6">
<or_exp><and_exp></and_exp></or_exp>
</condition>

<Node id="27" bw="8" op_0_bw="4">
<![CDATA[
:4  %K_load = load i8* %K_addr, align 1

]]></Node>
<StgValue><ssdm name="K_load"/></StgValue>
</operation>

<operation id="36" st_id="3" stage="1" lat="1">
<core>NULL</core>
<MemPortIdVec></MemPortIdVec>
<condition id="6">
<or_exp><and_exp></and_exp></or_exp>
</condition>

<Node id="28" bw="24" op_0_bw="32">
<![CDATA[
:5  %tmp_3 = trunc i32 %tmp_2 to i24

]]></Node>
<StgValue><ssdm name="tmp_3"/></StgValue>
</operation>

<operation id="37" st_id="3" stage="1" lat="1">
<core>NULL</core>
<MemPortIdVec></MemPortIdVec>
<condition id="6">
<or_exp><and_exp></and_exp></or_exp>
</condition>

<Node id="29" bw="32" op_0_bw="32" op_1_bw="24" op_2_bw="8">
<![CDATA[
:6  %L_0 = call i32 @_ssdm_op_BitConcatenate.i32.i24.i8(i24 %tmp_3, i8 %K_load)

]]></Node>
<StgValue><ssdm name="L_0"/></StgValue>
</operation>

<operation id="38" st_id="3" stage="1" lat="1">
<core>NULL</core>
<MemPortIdVec></MemPortIdVec>
<condition id="6">
<or_exp><and_exp></and_exp></or_exp>
</condition>

<Node id="30" bw="0" op_0_bw="2" op_1_bw="0" op_2_bw="2" op_3_bw="0" op_4_bw="2" op_5_bw="0" op_6_bw="2" op_7_bw="0">
<![CDATA[
:7  switch i2 %tmp_1_t, label %branch7 [
    i2 0, label %.branch4_crit_edge
    i2 1, label %branch5
    i2 -2, label %branch6
  ]

]]></Node>
<StgValue><ssdm name=""/></StgValue>
</operation>

<operation id="39" st_id="3" stage="1" lat="1">
<core>NULL</core>
<MemPortIdVec></MemPortIdVec>
<condition id="8">
<or_exp><and_exp><literal name="tmp_1_t" val="2"/>
</and_exp></or_exp>
</condition>

<Node id="32" bw="0" op_0_bw="32" op_1_bw="32">
<![CDATA[
branch6:0  store i32 %L_0, i32* %L_3_5

]]></Node>
<StgValue><ssdm name=""/></StgValue>
</operation>

<operation id="40" st_id="3" stage="1" lat="1">
<core>NULL</core>
<MemPortIdVec></MemPortIdVec>
<condition id="8">
<or_exp><and_exp><literal name="tmp_1_t" val="2"/>
</and_exp></or_exp>
</condition>

<Node id="33" bw="0" op_0_bw="0">
<![CDATA[
branch6:1  br label %branch4

]]></Node>
<StgValue><ssdm name=""/></StgValue>
</operation>

<operation id="41" st_id="3" stage="1" lat="1">
<core>NULL</core>
<MemPortIdVec></MemPortIdVec>
<condition id="10">
<or_exp><and_exp><literal name="tmp_1_t" val="1"/>
</and_exp></or_exp>
</condition>

<Node id="35" bw="0" op_0_bw="32" op_1_bw="32">
<![CDATA[
branch5:0  store i32 %L_0, i32* %L_3_4

]]></Node>
<StgValue><ssdm name=""/></StgValue>
</operation>

<operation id="42" st_id="3" stage="1" lat="1">
<core>NULL</core>
<MemPortIdVec></MemPortIdVec>
<condition id="10">
<or_exp><and_exp><literal name="tmp_1_t" val="1"/>
</and_exp></or_exp>
</condition>

<Node id="36" bw="0" op_0_bw="0">
<![CDATA[
branch5:1  br label %branch4

]]></Node>
<StgValue><ssdm name=""/></StgValue>
</operation>

<operation id="43" st_id="3" stage="1" lat="1">
<core>NULL</core>
<MemPortIdVec></MemPortIdVec>
<condition id="12">
<or_exp><and_exp><literal name="tmp_1_t" val="0"/>
</and_exp></or_exp>
</condition>

<Node id="38" bw="0" op_0_bw="32" op_1_bw="32">
<![CDATA[
.branch4_crit_edge:0  store i32 %L_0, i32* %L_3_1

]]></Node>
<StgValue><ssdm name=""/></StgValue>
</operation>

<operation id="44" st_id="3" stage="1" lat="1">
<core>NULL</core>
<MemPortIdVec></MemPortIdVec>
<condition id="12">
<or_exp><and_exp><literal name="tmp_1_t" val="0"/>
</and_exp></or_exp>
</condition>

<Node id="39" bw="0" op_0_bw="0">
<![CDATA[
.branch4_crit_edge:1  br label %branch4

]]></Node>
<StgValue><ssdm name=""/></StgValue>
</operation>

<operation id="45" st_id="3" stage="1" lat="1">
<core>NULL</core>
<MemPortIdVec></MemPortIdVec>
<condition id="15">
<or_exp><and_exp><literal name="tmp_1_t" val="3"/>
</and_exp></or_exp>
</condition>

<Node id="41" bw="0" op_0_bw="32" op_1_bw="32">
<![CDATA[
branch7:0  store i32 %L_0, i32* %L_3

]]></Node>
<StgValue><ssdm name=""/></StgValue>
</operation>

<operation id="46" st_id="3" stage="1" lat="1">
<core>NULL</core>
<MemPortIdVec></MemPortIdVec>
<condition id="15">
<or_exp><and_exp><literal name="tmp_1_t" val="3"/>
</and_exp></or_exp>
</condition>

<Node id="42" bw="0" op_0_bw="0">
<![CDATA[
branch7:1  br label %branch4

]]></Node>
<StgValue><ssdm name=""/></StgValue>
</operation>

<operation id="47" st_id="3" stage="1" lat="1">
<core>AddSub</core>
<MemPortIdVec></MemPortIdVec>
<condition id="20">
<or_exp><and_exp></and_exp></or_exp>
</condition>

<Node id="44" bw="5" op_0_bw="5" op_1_bw="5">
<![CDATA[
branch4:0  %i_4 = add i5 %i, -1

]]></Node>
<StgValue><ssdm name="i_4"/></StgValue>
</operation>

<operation id="48" st_id="3" stage="1" lat="1">
<core>NULL</core>
<MemPortIdVec></MemPortIdVec>
<condition id="20">
<or_exp><and_exp></and_exp></or_exp>
</condition>

<Node id="45" bw="0" op_0_bw="0">
<![CDATA[
branch4:1  br label %1

]]></Node>
<StgValue><ssdm name=""/></StgValue>
</operation>
</state>

<state id="4" st_id="4">

<operation id="49" st_id="4" stage="1" lat="1">
<core>NULL</core>
<MemPortIdVec></MemPortIdVec>
<condition id="21">
<or_exp><and_exp></and_exp></or_exp>
</condition>

<Node id="50" bw="5" op_0_bw="5" op_1_bw="0">
<![CDATA[
:0  %i_1 = phi i5 [ 1, %3 ], [ %i_3, %5 ]

]]></Node>
<StgValue><ssdm name="i_1"/></StgValue>
</operation>

<operation id="50" st_id="4" stage="1" lat="1">
<core>Cmp</core>
<MemPortIdVec></MemPortIdVec>
<condition id="21">
<or_exp><and_exp></and_exp></or_exp>
</condition>

<Node id="51" bw="1" op_0_bw="5" op_1_bw="5">
<![CDATA[
:1  %exitcond = icmp eq i5 %i_1, -6

]]></Node>
<StgValue><ssdm name="exitcond"/></StgValue>
</operation>

<operation id="51" st_id="4" stage="1" lat="1">
<core>NULL</core>
<MemPortIdVec></MemPortIdVec>
<condition id="21">
<or_exp><and_exp></and_exp></or_exp>
</condition>

<Node id="52" bw="32" op_0_bw="32" op_1_bw="64" op_2_bw="64" op_3_bw="64">
<![CDATA[
:2  %empty_18 = call i32 (...)* @_ssdm_op_SpecLoopTripCount(i64 25, i64 25, i64 25) nounwind

]]></Node>
<StgValue><ssdm name="empty_18"/></StgValue>
</operation>

<operation id="52" st_id="4" stage="1" lat="1">
<core>NULL</core>
<MemPortIdVec></MemPortIdVec>
<condition id="21">
<or_exp><and_exp></and_exp></or_exp>
</condition>

<Node id="53" bw="0" op_0_bw="1" op_1_bw="0" op_2_bw="0">
<![CDATA[
:3  br i1 %exitcond, label %.preheader.preheader, label %5

]]></Node>
<StgValue><ssdm name=""/></StgValue>
</operation>

<operation id="53" st_id="4" stage="1" lat="1">
<core>AddSub</core>
<MemPortIdVec></MemPortIdVec>
<condition id="23">
<or_exp><and_exp><literal name="exitcond" val="0"/>
</and_exp></or_exp>
</condition>

<Node id="55" bw="5" op_0_bw="5" op_1_bw="5">
<![CDATA[
:0  %tmp_8 = add i5 %i_1, -1

]]></Node>
<StgValue><ssdm name="tmp_8"/></StgValue>
</operation>

<operation id="54" st_id="4" stage="1" lat="1">
<core>NULL</core>
<MemPortIdVec></MemPortIdVec>
<condition id="23">
<or_exp><and_exp><literal name="exitcond" val="0"/>
</and_exp></or_exp>
</condition>

<Node id="56" bw="64" op_0_bw="5">
<![CDATA[
:1  %tmp_9 = zext i5 %tmp_8 to i64

]]></Node>
<StgValue><ssdm name="tmp_9"/></StgValue>
</operation>

<operation id="55" st_id="4" stage="1" lat="1">
<core>NULL</core>
<MemPortIdVec></MemPortIdVec>
<condition id="23">
<or_exp><and_exp><literal name="exitcond" val="0"/>
</and_exp></or_exp>
</condition>

<Node id="57" bw="5" op_0_bw="32" op_1_bw="64" op_2_bw="64">
<![CDATA[
:2  %S_addr = getelementptr inbounds [26 x i32]* @S, i64 0, i64 %tmp_9

]]></Node>
<StgValue><ssdm name="S_addr"/></StgValue>
</operation>

<operation id="56" st_id="4" stage="2" lat="2">
<core>RAM</core>
<MemPortIdVec>0 </MemPortIdVec>
<condition id="23">
<or_exp><and_exp><literal name="exitcond" val="0"/>
</and_exp></or_exp>
</condition>

<Node id="58" bw="32" op_0_bw="5">
<![CDATA[
:3  %S_load = load i32* %S_addr, align 4

]]></Node>
<StgValue><ssdm name="S_load"/></StgValue>
</operation>

<operation id="57" st_id="4" stage="1" lat="1">
<core>NULL</core>
<MemPortIdVec></MemPortIdVec>
<condition id="25">
<or_exp><and_exp><literal name="exitcond" val="1"/>
</and_exp></or_exp>
</condition>

<Node id="66" bw="0" op_0_bw="0">
<![CDATA[
.preheader.preheader:0  br label %.preheader

]]></Node>
<StgValue><ssdm name=""/></StgValue>
</operation>
</state>

<state id="5" st_id="5">

<operation id="58" st_id="5" stage="1" lat="2">
<core>RAM</core>
<MemPortIdVec>0 </MemPortIdVec>
<condition id="26">
<or_exp><and_exp></and_exp></or_exp>
</condition>

<Node id="58" bw="32" op_0_bw="5">
<![CDATA[
:3  %S_load = load i32* %S_addr, align 4

]]></Node>
<StgValue><ssdm name="S_load"/></StgValue>
</operation>

<operation id="59" st_id="5" stage="1" lat="1">
<core>AddSub</core>
<MemPortIdVec></MemPortIdVec>
<condition id="26">
<or_exp><and_exp></and_exp></or_exp>
</condition>

<Node id="59" bw="32" op_0_bw="32" op_1_bw="32">
<![CDATA[
:4  %tmp_s = add i32 %S_load, -1640531527

]]></Node>
<StgValue><ssdm name="tmp_s"/></StgValue>
</operation>

<operation id="60" st_id="5" stage="1" lat="1">
<core>NULL</core>
<MemPortIdVec></MemPortIdVec>
<condition id="26">
<or_exp><and_exp></and_exp></or_exp>
</condition>

<Node id="60" bw="64" op_0_bw="5">
<![CDATA[
:5  %tmp_7 = zext i5 %i_1 to i64

]]></Node>
<StgValue><ssdm name="tmp_7"/></StgValue>
</operation>

<operation id="61" st_id="5" stage="1" lat="1">
<core>NULL</core>
<MemPortIdVec></MemPortIdVec>
<condition id="26">
<or_exp><and_exp></and_exp></or_exp>
</condition>

<Node id="61" bw="5" op_0_bw="32" op_1_bw="64" op_2_bw="64">
<![CDATA[
:6  %S_addr_1 = getelementptr inbounds [26 x i32]* @S, i64 0, i64 %tmp_7

]]></Node>
<StgValue><ssdm name="S_addr_1"/></StgValue>
</operation>

<operation id="62" st_id="5" stage="1" lat="1">
<core>RAM</core>
<MemPortIdVec>0 </MemPortIdVec>
<condition id="26">
<or_exp><and_exp></and_exp></or_exp>
</condition>

<Node id="62" bw="0" op_0_bw="32" op_1_bw="5">
<![CDATA[
:7  store i32 %tmp_s, i32* %S_addr_1, align 4

]]></Node>
<StgValue><ssdm name=""/></StgValue>
</operation>

<operation id="63" st_id="5" stage="1" lat="1">
<core>AddSub</core>
<MemPortIdVec></MemPortIdVec>
<condition id="26">
<or_exp><and_exp></and_exp></or_exp>
</condition>

<Node id="63" bw="5" op_0_bw="5" op_1_bw="5">
<![CDATA[
:8  %i_3 = add i5 %i_1, 1

]]></Node>
<StgValue><ssdm name="i_3"/></StgValue>
</operation>

<operation id="64" st_id="5" stage="1" lat="1">
<core>NULL</core>
<MemPortIdVec></MemPortIdVec>
<condition id="26">
<or_exp><and_exp></and_exp></or_exp>
</condition>

<Node id="64" bw="0" op_0_bw="0">
<![CDATA[
:9  br label %4

]]></Node>
<StgValue><ssdm name=""/></StgValue>
</operation>
</state>

<state id="6" st_id="6">

<operation id="65" st_id="6" stage="1" lat="1">
<core>NULL</core>
<MemPortIdVec></MemPortIdVec>
<condition id="27">
<or_exp><and_exp></and_exp></or_exp>
</condition>

<Node id="68" bw="32" op_0_bw="32" op_1_bw="0">
<![CDATA[
.preheader:0  %L_3_2 = phi i32 [ %L_3_3, %branch0 ], [ %L_3_load, %.preheader.preheader ]

]]></Node>
<StgValue><ssdm name="L_3_2"/></StgValue>
</operation>

<operation id="66" st_id="6" stage="1" lat="1">
<core>NULL</core>
<MemPortIdVec></MemPortIdVec>
<condition id="27">
<or_exp><and_exp></and_exp></or_exp>
</condition>

<Node id="69" bw="32" op_0_bw="32" op_1_bw="0">
<![CDATA[
.preheader:1  %L_2_2 = phi i32 [ %L_2_3, %branch0 ], [ %L_3_5_load, %.preheader.preheader ]

]]></Node>
<StgValue><ssdm name="L_2_2"/></StgValue>
</operation>

<operation id="67" st_id="6" stage="1" lat="1">
<core>NULL</core>
<MemPortIdVec></MemPortIdVec>
<condition id="27">
<or_exp><and_exp></and_exp></or_exp>
</condition>

<Node id="70" bw="32" op_0_bw="32" op_1_bw="0">
<![CDATA[
.preheader:2  %L_1_2 = phi i32 [ %L_1_3, %branch0 ], [ %L_3_4_load, %.preheader.preheader ]

]]></Node>
<StgValue><ssdm name="L_1_2"/></StgValue>
</operation>

<operation id="68" st_id="6" stage="1" lat="1">
<core>NULL</core>
<MemPortIdVec></MemPortIdVec>
<condition id="27">
<or_exp><and_exp></and_exp></or_exp>
</condition>

<Node id="71" bw="32" op_0_bw="32" op_1_bw="0">
<![CDATA[
.preheader:3  %L_0_2 = phi i32 [ %L_0_s, %branch0 ], [ %L_3_1_load, %.preheader.preheader ]

]]></Node>
<StgValue><ssdm name="L_0_2"/></StgValue>
</operation>

<operation id="69" st_id="6" stage="1" lat="1">
<core>NULL</core>
<MemPortIdVec></MemPortIdVec>
<condition id="27">
<or_exp><and_exp></and_exp></or_exp>
</condition>

<Node id="72" bw="32" op_0_bw="32" op_1_bw="0">
<![CDATA[
.preheader:4  %A = phi i32 [ %A_1, %branch0 ], [ 0, %.preheader.preheader ]

]]></Node>
<StgValue><ssdm name="A"/></StgValue>
</operation>

<operation id="70" st_id="6" stage="1" lat="1">
<core>NULL</core>
<MemPortIdVec></MemPortIdVec>
<condition id="27">
<or_exp><and_exp></and_exp></or_exp>
</condition>

<Node id="73" bw="7" op_0_bw="7" op_1_bw="0">
<![CDATA[
.preheader:5  %k = phi i7 [ %k_1, %branch0 ], [ 0, %.preheader.preheader ]

]]></Node>
<StgValue><ssdm name="k"/></StgValue>
</operation>

<operation id="71" st_id="6" stage="1" lat="1">
<core>NULL</core>
<MemPortIdVec></MemPortIdVec>
<condition id="27">
<or_exp><and_exp></and_exp></or_exp>
</condition>

<Node id="74" bw="2" op_0_bw="2" op_1_bw="0">
<![CDATA[
.preheader:6  %j = phi i2 [ %j_1, %branch0 ], [ 0, %.preheader.preheader ]

]]></Node>
<StgValue><ssdm name="j"/></StgValue>
</operation>

<operation id="72" st_id="6" stage="1" lat="1">
<core>NULL</core>
<MemPortIdVec></MemPortIdVec>
<condition id="27">
<or_exp><and_exp></and_exp></or_exp>
</condition>

<Node id="75" bw="5" op_0_bw="5" op_1_bw="0">
<![CDATA[
.preheader:7  %i_2 = phi i5 [ %i_5, %branch0 ], [ 0, %.preheader.preheader ]

]]></Node>
<StgValue><ssdm name="i_2"/></StgValue>
</operation>

<operation id="73" st_id="6" stage="1" lat="1">
<core>NULL</core>
<MemPortIdVec></MemPortIdVec>
<condition id="27">
<or_exp><and_exp></and_exp></or_exp>
</condition>

<Node id="76" bw="32" op_0_bw="32" op_1_bw="0">
<![CDATA[
.preheader:8  %B = phi i32 [ %L_0_1, %branch0 ], [ 0, %.preheader.preheader ]

]]></Node>
<StgValue><ssdm name="B"/></StgValue>
</operation>

<operation id="74" st_id="6" stage="1" lat="1">
<core>Cmp</core>
<MemPortIdVec></MemPortIdVec>
<condition id="27">
<or_exp><and_exp></and_exp></or_exp>
</condition>

<Node id="77" bw="1" op_0_bw="7" op_1_bw="7">
<![CDATA[
.preheader:9  %tmp_5 = icmp eq i7 %k, -50

]]></Node>
<StgValue><ssdm name="tmp_5"/></StgValue>
</operation>

<operation id="75" st_id="6" stage="1" lat="1">
<core>NULL</core>
<MemPortIdVec></MemPortIdVec>
<condition id="27">
<or_exp><and_exp></and_exp></or_exp>
</condition>

<Node id="78" bw="32" op_0_bw="32" op_1_bw="64" op_2_bw="64" op_3_bw="64">
<![CDATA[
.preheader:10  %empty_19 = call i32 (...)* @_ssdm_op_SpecLoopTripCount(i64 78, i64 78, i64 78) nounwind

]]></Node>
<StgValue><ssdm name="empty_19"/></StgValue>
</operation>

<operation id="76" st_id="6" stage="1" lat="1">
<core>AddSub</core>
<MemPortIdVec></MemPortIdVec>
<condition id="27">
<or_exp><and_exp></and_exp></or_exp>
</condition>

<Node id="79" bw="7" op_0_bw="7" op_1_bw="7">
<![CDATA[
.preheader:11  %k_1 = add i7 %k, 1

]]></Node>
<StgValue><ssdm name="k_1"/></StgValue>
</operation>

<operation id="77" st_id="6" stage="1" lat="1">
<core>NULL</core>
<MemPortIdVec></MemPortIdVec>
<condition id="27">
<or_exp><and_exp></and_exp></or_exp>
</condition>

<Node id="80" bw="0" op_0_bw="1" op_1_bw="0" op_2_bw="0">
<![CDATA[
.preheader:12  br i1 %tmp_5, label %.preheader2.preheader_ifconv, label %6

]]></Node>
<StgValue><ssdm name=""/></StgValue>
</operation>

<operation id="78" st_id="6" stage="1" lat="1">
<core>NULL</core>
<MemPortIdVec></MemPortIdVec>
<condition id="29">
<or_exp><and_exp><literal name="tmp_5" val="0"/>
</and_exp></or_exp>
</condition>

<Node id="82" bw="64" op_0_bw="5">
<![CDATA[
:0  %tmp_6 = zext i5 %i_2 to i64

]]></Node>
<StgValue><ssdm name="tmp_6"/></StgValue>
</operation>

<operation id="79" st_id="6" stage="1" lat="1">
<core>NULL</core>
<MemPortIdVec></MemPortIdVec>
<condition id="29">
<or_exp><and_exp><literal name="tmp_5" val="0"/>
</and_exp></or_exp>
</condition>

<Node id="83" bw="5" op_0_bw="32" op_1_bw="64" op_2_bw="64">
<![CDATA[
:1  %S_addr_2 = getelementptr inbounds [26 x i32]* @S, i64 0, i64 %tmp_6

]]></Node>
<StgValue><ssdm name="S_addr_2"/></StgValue>
</operation>

<operation id="80" st_id="6" stage="2" lat="2">
<core>RAM</core>
<MemPortIdVec>0 </MemPortIdVec>
<condition id="29">
<or_exp><and_exp><literal name="tmp_5" val="0"/>
</and_exp></or_exp>
</condition>

<Node id="84" bw="32" op_0_bw="5">
<![CDATA[
:2  %S_load_1 = load i32* %S_addr_2, align 4

]]></Node>
<StgValue><ssdm name="S_load_1"/></StgValue>
</operation>

<operation id="81" st_id="6" stage="1" lat="1">
<core>NULL</core>
<MemPortIdVec></MemPortIdVec>
<condition id="31">
<or_exp><and_exp><literal name="tmp_5" val="1"/>
</and_exp></or_exp>
</condition>

<Node id="124" bw="0">
<![CDATA[
.preheader2.preheader_ifconv:0  ret void

]]></Node>
<StgValue><ssdm name=""/></StgValue>
</operation>
</state>

<state id="7" st_id="7">

<operation id="82" st_id="7" stage="1" lat="2">
<core>RAM</core>
<MemPortIdVec>0 </MemPortIdVec>
<condition id="32">
<or_exp><and_exp></and_exp></or_exp>
</condition>

<Node id="84" bw="32" op_0_bw="5">
<![CDATA[
:2  %S_load_1 = load i32* %S_addr_2, align 4

]]></Node>
<StgValue><ssdm name="S_load_1"/></StgValue>
</operation>

<operation id="83" st_id="7" stage="1" lat="1">
<core>TAddSub</core>
<MemPortIdVec></MemPortIdVec>
<condition id="32">
<or_exp><and_exp></and_exp></or_exp>
</condition>

<Node id="85" bw="32" op_0_bw="32" op_1_bw="32">
<![CDATA[
:3  %tmp2 = add i32 %A, %B

]]></Node>
<StgValue><ssdm name="tmp2"/></StgValue>
</operation>

<operation id="84" st_id="7" stage="1" lat="1">
<core>TAddSub</core>
<MemPortIdVec></MemPortIdVec>
<condition id="32">
<or_exp><and_exp></and_exp></or_exp>
</condition>

<Node id="86" bw="32" op_0_bw="32" op_1_bw="32">
<![CDATA[
:4  %tmp_1 = add i32 %S_load_1, %tmp2

]]></Node>
<StgValue><ssdm name="tmp_1"/></StgValue>
</operation>

<operation id="85" st_id="7" stage="1" lat="1">
<core>NULL</core>
<MemPortIdVec></MemPortIdVec>
<condition id="32">
<or_exp><and_exp></and_exp></or_exp>
</condition>

<Node id="87" bw="29" op_0_bw="32">
<![CDATA[
:5  %tmp_10 = trunc i32 %tmp_1 to i29

]]></Node>
<StgValue><ssdm name="tmp_10"/></StgValue>
</operation>

<operation id="86" st_id="7" stage="1" lat="1">
<core>NULL</core>
<MemPortIdVec></MemPortIdVec>
<condition id="32">
<or_exp><and_exp></and_exp></or_exp>
</condition>

<Node id="88" bw="3" op_0_bw="3" op_1_bw="32" op_2_bw="32" op_3_bw="32">
<![CDATA[
:6  %tmp_11 = call i3 @_ssdm_op_PartSelect.i3.i32.i32.i32(i32 %tmp_1, i32 29, i32 31)

]]></Node>
<StgValue><ssdm name="tmp_11"/></StgValue>
</operation>

<operation id="87" st_id="7" stage="1" lat="1">
<core>NULL</core>
<MemPortIdVec></MemPortIdVec>
<condition id="32">
<or_exp><and_exp></and_exp></or_exp>
</condition>

<Node id="89" bw="2" op_0_bw="32">
<![CDATA[
:7  %tmp_12 = trunc i32 %tmp_1 to i2

]]></Node>
<StgValue><ssdm name="tmp_12"/></StgValue>
</operation>
</state>

<state id="8" st_id="8">

<operation id="88" st_id="8" stage="1" lat="1">
<core>NULL</core>
<MemPortIdVec></MemPortIdVec>
<condition id="33">
<or_exp><and_exp></and_exp></or_exp>
</condition>

<Node id="90" bw="32" op_0_bw="32" op_1_bw="29" op_2_bw="3">
<![CDATA[
:8  %A_1 = call i32 @_ssdm_op_BitConcatenate.i32.i29.i3(i29 %tmp_10, i3 %tmp_11)

]]></Node>
<StgValue><ssdm name="A_1"/></StgValue>
</operation>

<operation id="89" st_id="8" stage="1" lat="1">
<core>RAM</core>
<MemPortIdVec>0 </MemPortIdVec>
<condition id="33">
<or_exp><and_exp></and_exp></or_exp>
</condition>

<Node id="91" bw="0" op_0_bw="32" op_1_bw="5">
<![CDATA[
:9  store i32 %A_1, i32* %S_addr_2, align 4

]]></Node>
<StgValue><ssdm name=""/></StgValue>
</operation>

<operation id="90" st_id="8" stage="1" lat="1">
<core>MuxnS</core>
<MemPortIdVec></MemPortIdVec>
<condition id="33">
<or_exp><and_exp></and_exp></or_exp>
</condition>

<Node id="92" bw="32" op_0_bw="32" op_1_bw="32" op_2_bw="32" op_3_bw="32" op_4_bw="32" op_5_bw="2">
<![CDATA[
:10  %tmp_13 = call i32 @_ssdm_op_Mux.ap_auto.4i32.i2(i32 %L_0_2, i32 %L_1_2, i32 %L_2_2, i32 %L_3_2, i2 %j) nounwind

]]></Node>
<StgValue><ssdm name="tmp_13"/></StgValue>
</operation>

<operation id="91" st_id="8" stage="1" lat="1">
<core>NULL</core>
<MemPortIdVec></MemPortIdVec>
<condition id="33">
<or_exp><and_exp></and_exp></or_exp>
</condition>

<Node id="93" bw="5" op_0_bw="32">
<![CDATA[
:11  %tmp_14 = trunc i32 %B to i5

]]></Node>
<StgValue><ssdm name="tmp_14"/></StgValue>
</operation>

<operation id="92" st_id="8" stage="1" lat="1">
<core>NULL</core>
<MemPortIdVec></MemPortIdVec>
<condition id="33">
<or_exp><and_exp></and_exp></or_exp>
</condition>

<Node id="94" bw="5" op_0_bw="5" op_1_bw="2" op_2_bw="3">
<![CDATA[
:12  %tmp_17 = call i5 @_ssdm_op_BitConcatenate.i5.i2.i3(i2 %tmp_12, i3 %tmp_11)

]]></Node>
<StgValue><ssdm name="tmp_17"/></StgValue>
</operation>

<operation id="93" st_id="8" stage="1" lat="1">
<core>TAddSub</core>
<MemPortIdVec></MemPortIdVec>
<condition id="33">
<or_exp><and_exp></and_exp></or_exp>
</condition>

<Node id="95" bw="32" op_0_bw="32" op_1_bw="32">
<![CDATA[
:13  %tmp_15 = add i32 %B, %A_1

]]></Node>
<StgValue><ssdm name="tmp_15"/></StgValue>
</operation>

<operation id="94" st_id="8" stage="1" lat="1">
<core>AddSub</core>
<MemPortIdVec></MemPortIdVec>
<condition id="33">
<or_exp><and_exp></and_exp></or_exp>
</condition>

<Node id="96" bw="5" op_0_bw="5" op_1_bw="5">
<![CDATA[
:14  %tmp_15_cast = add i5 %tmp_17, %tmp_14

]]></Node>
<StgValue><ssdm name="tmp_15_cast"/></StgValue>
</operation>

<operation id="95" st_id="8" stage="1" lat="1">
<core>TAddSub</core>
<MemPortIdVec></MemPortIdVec>
<condition id="33">
<or_exp><and_exp></and_exp></or_exp>
</condition>

<Node id="97" bw="32" op_0_bw="32" op_1_bw="32">
<![CDATA[
:15  %tmp_16 = add i32 %tmp_13, %tmp_15

]]></Node>
<StgValue><ssdm name="tmp_16"/></StgValue>
</operation>
</state>

<state id="9" st_id="9">

<operation id="96" st_id="9" stage="1" lat="1">
<core>NULL</core>
<MemPortIdVec></MemPortIdVec>
<condition id="34">
<or_exp><and_exp></and_exp></or_exp>
</condition>

<Node id="98" bw="6" op_0_bw="5">
<![CDATA[
:16  %tmp_17_cast3 = zext i5 %tmp_15_cast to i6

]]></Node>
<StgValue><ssdm name="tmp_17_cast3"/></StgValue>
</operation>

<operation id="97" st_id="9" stage="1" lat="1">
<core>NULL</core>
<MemPortIdVec></MemPortIdVec>
<condition id="34">
<or_exp><and_exp></and_exp></or_exp>
</condition>

<Node id="99" bw="32" op_0_bw="5">
<![CDATA[
:17  %tmp_17_cast = zext i5 %tmp_15_cast to i32

]]></Node>
<StgValue><ssdm name="tmp_17_cast"/></StgValue>
</operation>

<operation id="98" st_id="9" stage="1" lat="1">
<core>Shift</core>
<MemPortIdVec></MemPortIdVec>
<condition id="34">
<or_exp><and_exp></and_exp></or_exp>
</condition>

<Node id="100" bw="32" op_0_bw="32" op_1_bw="32">
<![CDATA[
:18  %tmp_18 = shl i32 %tmp_16, %tmp_17_cast

]]></Node>
<StgValue><ssdm name="tmp_18"/></StgValue>
</operation>

<operation id="99" st_id="9" stage="1" lat="1">
<core>AddSub</core>
<MemPortIdVec></MemPortIdVec>
<condition id="34">
<or_exp><and_exp></and_exp></or_exp>
</condition>

<Node id="101" bw="6" op_0_bw="6" op_1_bw="6">
<![CDATA[
:19  %tmp_19 = sub i6 -32, %tmp_17_cast3

]]></Node>
<StgValue><ssdm name="tmp_19"/></StgValue>
</operation>

<operation id="100" st_id="9" stage="1" lat="1">
<core>NULL</core>
<MemPortIdVec></MemPortIdVec>
<condition id="34">
<or_exp><and_exp></and_exp></or_exp>
</condition>

<Node id="102" bw="32" op_0_bw="6">
<![CDATA[
:20  %tmp_19_cast = zext i6 %tmp_19 to i32

]]></Node>
<StgValue><ssdm name="tmp_19_cast"/></StgValue>
</operation>

<operation id="101" st_id="9" stage="1" lat="1">
<core>Shift</core>
<MemPortIdVec></MemPortIdVec>
<condition id="34">
<or_exp><and_exp></and_exp></or_exp>
</condition>

<Node id="103" bw="32" op_0_bw="32" op_1_bw="32">
<![CDATA[
:21  %tmp_20 = lshr i32 %tmp_16, %tmp_19_cast

]]></Node>
<StgValue><ssdm name="tmp_20"/></StgValue>
</operation>

<operation id="102" st_id="9" stage="1" lat="1">
<core>LogicGate</core>
<MemPortIdVec></MemPortIdVec>
<condition id="34">
<or_exp><and_exp></and_exp></or_exp>
</condition>

<Node id="104" bw="32" op_0_bw="32" op_1_bw="32">
<![CDATA[
:22  %L_0_1 = or i32 %tmp_20, %tmp_18

]]></Node>
<StgValue><ssdm name="L_0_1"/></StgValue>
</operation>

<operation id="103" st_id="9" stage="1" lat="1">
<core>NULL</core>
<MemPortIdVec></MemPortIdVec>
<condition id="34">
<or_exp><and_exp></and_exp></or_exp>
</condition>

<Node id="105" bw="0" op_0_bw="2" op_1_bw="0" op_2_bw="2" op_3_bw="0" op_4_bw="2" op_5_bw="0" op_6_bw="2" op_7_bw="0">
<![CDATA[
:23  switch i2 %j, label %branch3 [
    i2 0, label %branch0
    i2 1, label %branch1
    i2 -2, label %branch2
  ]

]]></Node>
<StgValue><ssdm name=""/></StgValue>
</operation>

<operation id="104" st_id="9" stage="1" lat="1">
<core>NULL</core>
<MemPortIdVec></MemPortIdVec>
<condition id="36">
<or_exp><and_exp><literal name="j" val="2"/>
</and_exp></or_exp>
</condition>

<Node id="107" bw="0" op_0_bw="0">
<![CDATA[
branch2:0  br label %branch0

]]></Node>
<StgValue><ssdm name=""/></StgValue>
</operation>

<operation id="105" st_id="9" stage="1" lat="1">
<core>NULL</core>
<MemPortIdVec></MemPortIdVec>
<condition id="38">
<or_exp><and_exp><literal name="j" val="1"/>
</and_exp></or_exp>
</condition>

<Node id="109" bw="0" op_0_bw="0">
<![CDATA[
branch1:0  br label %branch0

]]></Node>
<StgValue><ssdm name=""/></StgValue>
</operation>

<operation id="106" st_id="9" stage="1" lat="1">
<core>NULL</core>
<MemPortIdVec></MemPortIdVec>
<condition id="41">
<or_exp><and_exp><literal name="j" val="3"/>
</and_exp></or_exp>
</condition>

<Node id="111" bw="0" op_0_bw="0">
<![CDATA[
branch3:0  br label %branch0

]]></Node>
<StgValue><ssdm name=""/></StgValue>
</operation>

<operation id="107" st_id="9" stage="1" lat="1">
<core>NULL</core>
<MemPortIdVec></MemPortIdVec>
<condition id="46">
<or_exp><and_exp></and_exp></or_exp>
</condition>

<Node id="113" bw="32" op_0_bw="32" op_1_bw="0" op_2_bw="32" op_3_bw="0">
<![CDATA[
branch0:0  %L_3_3 = phi i32 [ %L_0_1, %branch3 ], [ %L_3_2, %branch2 ], [ %L_3_2, %branch1 ], [ %L_3_2, %6 ]

]]></Node>
<StgValue><ssdm name="L_3_3"/></StgValue>
</operation>

<operation id="108" st_id="9" stage="1" lat="1">
<core>NULL</core>
<MemPortIdVec></MemPortIdVec>
<condition id="46">
<or_exp><and_exp></and_exp></or_exp>
</condition>

<Node id="114" bw="32" op_0_bw="32" op_1_bw="0" op_2_bw="32" op_3_bw="0">
<![CDATA[
branch0:1  %L_2_3 = phi i32 [ %L_2_2, %branch3 ], [ %L_0_1, %branch2 ], [ %L_2_2, %branch1 ], [ %L_2_2, %6 ]

]]></Node>
<StgValue><ssdm name="L_2_3"/></StgValue>
</operation>

<operation id="109" st_id="9" stage="1" lat="1">
<core>NULL</core>
<MemPortIdVec></MemPortIdVec>
<condition id="46">
<or_exp><and_exp></and_exp></or_exp>
</condition>

<Node id="115" bw="32" op_0_bw="32" op_1_bw="0" op_2_bw="32" op_3_bw="0">
<![CDATA[
branch0:2  %L_1_3 = phi i32 [ %L_1_2, %branch3 ], [ %L_1_2, %branch2 ], [ %L_0_1, %branch1 ], [ %L_1_2, %6 ]

]]></Node>
<StgValue><ssdm name="L_1_3"/></StgValue>
</operation>

<operation id="110" st_id="9" stage="1" lat="1">
<core>NULL</core>
<MemPortIdVec></MemPortIdVec>
<condition id="46">
<or_exp><and_exp></and_exp></or_exp>
</condition>

<Node id="116" bw="32" op_0_bw="32" op_1_bw="0" op_2_bw="32" op_3_bw="0">
<![CDATA[
branch0:3  %L_0_s = phi i32 [ %L_0_2, %branch3 ], [ %L_0_2, %branch2 ], [ %L_0_2, %branch1 ], [ %L_0_1, %6 ]

]]></Node>
<StgValue><ssdm name="L_0_s"/></StgValue>
</operation>

<operation id="111" st_id="9" stage="1" lat="1">
<core>AddSub</core>
<MemPortIdVec></MemPortIdVec>
<condition id="46">
<or_exp><and_exp></and_exp></or_exp>
</condition>

<Node id="117" bw="5" op_0_bw="5" op_1_bw="5">
<![CDATA[
branch0:4  %tmp_21 = add i5 %i_2, 1

]]></Node>
<StgValue><ssdm name="tmp_21"/></StgValue>
</operation>

<operation id="112" st_id="9" stage="1" lat="1">
<core>Cmp</core>
<MemPortIdVec></MemPortIdVec>
<condition id="46">
<or_exp><and_exp></and_exp></or_exp>
</condition>

<Node id="118" bw="1" op_0_bw="5" op_1_bw="5">
<![CDATA[
branch0:5  %tmp_22 = icmp ult i5 %tmp_21, -6

]]></Node>
<StgValue><ssdm name="tmp_22"/></StgValue>
</operation>

<operation id="113" st_id="9" stage="1" lat="1">
<core>AddSub</core>
<MemPortIdVec></MemPortIdVec>
<condition id="46">
<or_exp><and_exp></and_exp></or_exp>
</condition>

<Node id="119" bw="5" op_0_bw="5" op_1_bw="5">
<![CDATA[
branch0:6  %tmp_23 = add i5 %i_2, 7

]]></Node>
<StgValue><ssdm name="tmp_23"/></StgValue>
</operation>

<operation id="114" st_id="9" stage="1" lat="1">
<core>Sel</core>
<MemPortIdVec></MemPortIdVec>
<condition id="46">
<or_exp><and_exp></and_exp></or_exp>
</condition>

<Node id="120" bw="5" op_0_bw="1" op_1_bw="5" op_2_bw="5">
<![CDATA[
branch0:7  %i_5 = select i1 %tmp_22, i5 %tmp_21, i5 %tmp_23

]]></Node>
<StgValue><ssdm name="i_5"/></StgValue>
</operation>

<operation id="115" st_id="9" stage="1" lat="1">
<core>AddSub</core>
<MemPortIdVec></MemPortIdVec>
<condition id="46">
<or_exp><and_exp></and_exp></or_exp>
</condition>

<Node id="121" bw="2" op_0_bw="2" op_1_bw="2">
<![CDATA[
branch0:8  %j_1 = add i2 %j, 1

]]></Node>
<StgValue><ssdm name="j_1"/></StgValue>
</operation>

<operation id="116" st_id="9" stage="1" lat="1">
<core>NULL</core>
<MemPortIdVec></MemPortIdVec>
<condition id="46">
<or_exp><and_exp></and_exp></or_exp>
</condition>

<Node id="122" bw="0" op_0_bw="0">
<![CDATA[
branch0:9  br label %.preheader

]]></Node>
<StgValue><ssdm name=""/></StgValue>
</operation>
</state>
</state_list>


<ports>
<port id="131" name="K" dir="0" iftype="1">
<core>RAM</core><StgValue><ssdm name="K"/><MemPortTyVec>1 3 </MemPortTyVec>
</StgValue>
</port>
<port id="132" name="S" dir="2" iftype="1">
<core>RAM</core><StgValue><ssdm name="S"/><MemPortTyVec>2 3 </MemPortTyVec>
</StgValue>
</port>
</ports>


<dataflows>
<dataflow id="134" from="StgValue_133" to="L_3_1" fromId="133" toId="10">
</dataflow>
<dataflow id="135" from="StgValue_133" to="L_3_4" fromId="133" toId="11">
</dataflow>
<dataflow id="136" from="StgValue_133" to="L_3_5" fromId="133" toId="12">
</dataflow>
<dataflow id="137" from="StgValue_133" to="L_3" fromId="133" toId="13">
</dataflow>
<dataflow id="139" from="_ssdm_op_SpecBitsMap" to="StgValue_14" fromId="138" toId="14">
</dataflow>
<dataflow id="140" from="K" to="StgValue_14" fromId="131" toId="14">
</dataflow>
<dataflow id="142" from="_ssdm_op_SpecTopModule" to="StgValue_15" fromId="141" toId="15">
</dataflow>
<dataflow id="144" from="RC5_SETUP_str" to="StgValue_15" fromId="143" toId="15">
</dataflow>
<dataflow id="146" from="_ssdm_op_SpecLatency" to="StgValue_16" fromId="145" toId="16">
</dataflow>
<dataflow id="148" from="StgValue_147" to="StgValue_16" fromId="147" toId="16">
</dataflow>
<dataflow id="150" from="StgValue_149" to="StgValue_16" fromId="149" toId="16">
</dataflow>
<dataflow id="152" from="p_str" to="StgValue_16" fromId="151" toId="16">
</dataflow>
<dataflow id="153" from="StgValue_147" to="StgValue_17" fromId="147" toId="17">
</dataflow>
<dataflow id="154" from="L_3" to="StgValue_17" fromId="13" toId="17">
</dataflow>
<dataflow id="156" from="StgValue_155" to="i" fromId="155" toId="19">
<condition id="76">
<or_exp><and_exp></and_exp></or_exp>
</condition>
</dataflow>
<dataflow id="157" from="StgValue_18" to="i" fromId="18" toId="19">
</dataflow>
<dataflow id="158" from="i_4" to="i" fromId="47" toId="19">
<BackEdge/>
<condition id="77">
<or_exp><and_exp></and_exp></or_exp>
</condition>
</dataflow>
<dataflow id="159" from="StgValue_48" to="i" fromId="48" toId="19">
<BackEdge/>
</dataflow>
<dataflow id="160" from="L_3_1" to="L_3_1_load" fromId="10" toId="20">
</dataflow>
<dataflow id="161" from="L_3_4" to="L_3_4_load" fromId="11" toId="21">
</dataflow>
<dataflow id="162" from="L_3_5" to="L_3_5_load" fromId="12" toId="22">
</dataflow>
<dataflow id="163" from="L_3" to="L_3_load" fromId="13" toId="23">
</dataflow>
<dataflow id="164" from="i" to="i_cast6" fromId="19" toId="24">
</dataflow>
<dataflow id="165" from="i" to="tmp" fromId="19" toId="25">
</dataflow>
<dataflow id="167" from="StgValue_166" to="tmp" fromId="166" toId="25">
</dataflow>
<dataflow id="169" from="_ssdm_op_SpecLoopTripCount" to="empty" fromId="168" toId="26">
</dataflow>
<dataflow id="171" from="StgValue_170" to="empty" fromId="170" toId="26">
</dataflow>
<dataflow id="172" from="StgValue_170" to="empty" fromId="170" toId="26">
</dataflow>
<dataflow id="173" from="StgValue_170" to="empty" fromId="170" toId="26">
</dataflow>
<dataflow id="174" from="tmp" to="StgValue_27" fromId="25" toId="27">
</dataflow>
<dataflow id="175" from="i_cast6" to="tmp_4" fromId="24" toId="28">
</dataflow>
<dataflow id="176" from="K" to="K_addr" fromId="131" toId="29">
</dataflow>
<dataflow id="178" from="StgValue_177" to="K_addr" fromId="177" toId="29">
</dataflow>
<dataflow id="179" from="tmp_4" to="K_addr" fromId="28" toId="29">
</dataflow>
<dataflow id="180" from="K_addr" to="K_load" fromId="29" toId="30">
</dataflow>
<dataflow id="182" from="StgValue_181" to="StgValue_31" fromId="181" toId="31">
</dataflow>
<dataflow id="184" from="StgValue_183" to="StgValue_31" fromId="183" toId="31">
</dataflow>
<dataflow id="186" from="_ssdm_op_PartSelect.i2.i5.i32.i32" to="tmp_1_t" fromId="185" toId="33">
</dataflow>
<dataflow id="187" from="i" to="tmp_1_t" fromId="19" toId="33">
</dataflow>
<dataflow id="189" from="StgValue_188" to="tmp_1_t" fromId="188" toId="33">
</dataflow>
<dataflow id="191" from="StgValue_190" to="tmp_1_t" fromId="190" toId="33">
</dataflow>
<dataflow id="193" from="_ssdm_op_Mux.ap_auto.4i32.i2" to="tmp_2" fromId="192" toId="34">
</dataflow>
<dataflow id="194" from="L_3_1_load" to="tmp_2" fromId="20" toId="34">
</dataflow>
<dataflow id="195" from="L_3_4_load" to="tmp_2" fromId="21" toId="34">
</dataflow>
<dataflow id="196" from="L_3_5_load" to="tmp_2" fromId="22" toId="34">
</dataflow>
<dataflow id="197" from="L_3_load" to="tmp_2" fromId="23" toId="34">
</dataflow>
<dataflow id="198" from="tmp_1_t" to="tmp_2" fromId="33" toId="34">
</dataflow>
<dataflow id="199" from="K_addr" to="K_load" fromId="29" toId="35">
</dataflow>
<dataflow id="200" from="tmp_2" to="tmp_3" fromId="34" toId="36">
</dataflow>
<dataflow id="202" from="_ssdm_op_BitConcatenate.i32.i24.i8" to="L_0" fromId="201" toId="37">
</dataflow>
<dataflow id="203" from="tmp_3" to="L_0" fromId="36" toId="37">
</dataflow>
<dataflow id="204" from="K_load" to="L_0" fromId="35" toId="37">
</dataflow>
<dataflow id="205" from="tmp_1_t" to="StgValue_38" fromId="33" toId="38">
</dataflow>
<dataflow id="207" from="StgValue_206" to="StgValue_38" fromId="206" toId="38">
</dataflow>
<dataflow id="209" from="StgValue_208" to="StgValue_38" fromId="208" toId="38">
</dataflow>
<dataflow id="211" from="StgValue_210" to="StgValue_38" fromId="210" toId="38">
</dataflow>
<dataflow id="212" from="L_0" to="StgValue_39" fromId="37" toId="39">
</dataflow>
<dataflow id="213" from="L_3_5" to="StgValue_39" fromId="12" toId="39">
</dataflow>
<dataflow id="214" from="L_0" to="StgValue_41" fromId="37" toId="41">
</dataflow>
<dataflow id="215" from="L_3_4" to="StgValue_41" fromId="11" toId="41">
</dataflow>
<dataflow id="216" from="L_0" to="StgValue_43" fromId="37" toId="43">
</dataflow>
<dataflow id="217" from="L_3_1" to="StgValue_43" fromId="10" toId="43">
</dataflow>
<dataflow id="218" from="L_0" to="StgValue_45" fromId="37" toId="45">
</dataflow>
<dataflow id="219" from="L_3" to="StgValue_45" fromId="13" toId="45">
</dataflow>
<dataflow id="220" from="i" to="i_4" fromId="19" toId="47">
</dataflow>
<dataflow id="221" from="StgValue_166" to="i_4" fromId="166" toId="47">
</dataflow>
<dataflow id="223" from="StgValue_222" to="i_1" fromId="222" toId="49">
<condition id="78">
<or_exp><and_exp><literal name="tmp" val="1"/>
</and_exp></or_exp>
</condition>
</dataflow>
<dataflow id="224" from="StgValue_32" to="i_1" fromId="32" toId="49">
</dataflow>
<dataflow id="225" from="i_3" to="i_1" fromId="63" toId="49">
<BackEdge/>
<condition id="79">
<or_exp><and_exp></and_exp></or_exp>
</condition>
</dataflow>
<dataflow id="226" from="StgValue_64" to="i_1" fromId="64" toId="49">
<BackEdge/>
</dataflow>
<dataflow id="227" from="i_1" to="exitcond" fromId="49" toId="50">
</dataflow>
<dataflow id="229" from="StgValue_228" to="exitcond" fromId="228" toId="50">
</dataflow>
<dataflow id="230" from="_ssdm_op_SpecLoopTripCount" to="empty_18" fromId="168" toId="51">
</dataflow>
<dataflow id="232" from="StgValue_231" to="empty_18" fromId="231" toId="51">
</dataflow>
<dataflow id="233" from="StgValue_231" to="empty_18" fromId="231" toId="51">
</dataflow>
<dataflow id="234" from="StgValue_231" to="empty_18" fromId="231" toId="51">
</dataflow>
<dataflow id="235" from="exitcond" to="StgValue_52" fromId="50" toId="52">
</dataflow>
<dataflow id="236" from="i_1" to="tmp_8" fromId="49" toId="53">
</dataflow>
<dataflow id="237" from="StgValue_166" to="tmp_8" fromId="166" toId="53">
</dataflow>
<dataflow id="238" from="tmp_8" to="tmp_9" fromId="53" toId="54">
</dataflow>
<dataflow id="239" from="S" to="S_addr" fromId="132" toId="55">
</dataflow>
<dataflow id="240" from="StgValue_177" to="S_addr" fromId="177" toId="55">
</dataflow>
<dataflow id="241" from="tmp_9" to="S_addr" fromId="54" toId="55">
</dataflow>
<dataflow id="242" from="S_addr" to="S_load" fromId="55" toId="56">
</dataflow>
<dataflow id="243" from="S_addr" to="S_load" fromId="55" toId="58">
</dataflow>
<dataflow id="244" from="S_load" to="tmp_s" fromId="58" toId="59">
</dataflow>
<dataflow id="246" from="StgValue_245" to="tmp_s" fromId="245" toId="59">
</dataflow>
<dataflow id="247" from="i_1" to="tmp_7" fromId="49" toId="60">
</dataflow>
<dataflow id="248" from="S" to="S_addr_1" fromId="132" toId="61">
</dataflow>
<dataflow id="249" from="StgValue_177" to="S_addr_1" fromId="177" toId="61">
</dataflow>
<dataflow id="250" from="tmp_7" to="S_addr_1" fromId="60" toId="61">
</dataflow>
<dataflow id="251" from="tmp_s" to="StgValue_62" fromId="59" toId="62">
</dataflow>
<dataflow id="252" from="S_addr_1" to="StgValue_62" fromId="61" toId="62">
</dataflow>
<dataflow id="253" from="i_1" to="i_3" fromId="49" toId="63">
</dataflow>
<dataflow id="254" from="StgValue_222" to="i_3" fromId="222" toId="63">
</dataflow>
<dataflow id="255" from="L_3_3" to="L_3_2" fromId="107" toId="65">
<BackEdge/>
<condition id="80">
<or_exp><and_exp></and_exp></or_exp>
</condition>
</dataflow>
<dataflow id="256" from="StgValue_116" to="L_3_2" fromId="116" toId="65">
<BackEdge/>
</dataflow>
<dataflow id="257" from="L_3_load" to="L_3_2" fromId="23" toId="65">
<condition id="81">
<or_exp><and_exp><literal name="exitcond" val="1"/>
</and_exp></or_exp>
</condition>
</dataflow>
<dataflow id="258" from="StgValue_57" to="L_3_2" fromId="57" toId="65">
</dataflow>
<dataflow id="259" from="L_2_3" to="L_2_2" fromId="108" toId="66">
<BackEdge/>
<condition id="82">
<or_exp><and_exp></and_exp></or_exp>
</condition>
</dataflow>
<dataflow id="260" from="StgValue_116" to="L_2_2" fromId="116" toId="66">
<BackEdge/>
</dataflow>
<dataflow id="261" from="L_3_5_load" to="L_2_2" fromId="22" toId="66">
<condition id="83">
<or_exp><and_exp><literal name="exitcond" val="1"/>
</and_exp></or_exp>
</condition>
</dataflow>
<dataflow id="262" from="StgValue_57" to="L_2_2" fromId="57" toId="66">
</dataflow>
<dataflow id="263" from="L_1_3" to="L_1_2" fromId="109" toId="67">
<BackEdge/>
<condition id="84">
<or_exp><and_exp></and_exp></or_exp>
</condition>
</dataflow>
<dataflow id="264" from="StgValue_116" to="L_1_2" fromId="116" toId="67">
<BackEdge/>
</dataflow>
<dataflow id="265" from="L_3_4_load" to="L_1_2" fromId="21" toId="67">
<condition id="85">
<or_exp><and_exp><literal name="exitcond" val="1"/>
</and_exp></or_exp>
</condition>
</dataflow>
<dataflow id="266" from="StgValue_57" to="L_1_2" fromId="57" toId="67">
</dataflow>
<dataflow id="267" from="L_0_s" to="L_0_2" fromId="110" toId="68">
<BackEdge/>
<condition id="86">
<or_exp><and_exp></and_exp></or_exp>
</condition>
</dataflow>
<dataflow id="268" from="StgValue_116" to="L_0_2" fromId="116" toId="68">
<BackEdge/>
</dataflow>
<dataflow id="269" from="L_3_1_load" to="L_0_2" fromId="20" toId="68">
<condition id="87">
<or_exp><and_exp><literal name="exitcond" val="1"/>
</and_exp></or_exp>
</condition>
</dataflow>
<dataflow id="270" from="StgValue_57" to="L_0_2" fromId="57" toId="68">
</dataflow>
<dataflow id="271" from="A_1" to="A" fromId="88" toId="69">
<BackEdge/>
<condition id="88">
<or_exp><and_exp></and_exp></or_exp>
</condition>
</dataflow>
<dataflow id="272" from="StgValue_116" to="A" fromId="116" toId="69">
<BackEdge/>
</dataflow>
<dataflow id="273" from="StgValue_147" to="A" fromId="147" toId="69">
<condition id="89">
<or_exp><and_exp><literal name="exitcond" val="1"/>
</and_exp></or_exp>
</condition>
</dataflow>
<dataflow id="274" from="StgValue_57" to="A" fromId="57" toId="69">
</dataflow>
<dataflow id="275" from="k_1" to="k" fromId="76" toId="70">
<BackEdge/>
<condition id="90">
<or_exp><and_exp></and_exp></or_exp>
</condition>
</dataflow>
<dataflow id="276" from="StgValue_116" to="k" fromId="116" toId="70">
<BackEdge/>
</dataflow>
<dataflow id="278" from="StgValue_277" to="k" fromId="277" toId="70">
<condition id="91">
<or_exp><and_exp><literal name="exitcond" val="1"/>
</and_exp></or_exp>
</condition>
</dataflow>
<dataflow id="279" from="StgValue_57" to="k" fromId="57" toId="70">
</dataflow>
<dataflow id="280" from="j_1" to="j" fromId="115" toId="71">
<BackEdge/>
<condition id="92">
<or_exp><and_exp></and_exp></or_exp>
</condition>
</dataflow>
<dataflow id="281" from="StgValue_116" to="j" fromId="116" toId="71">
<BackEdge/>
</dataflow>
<dataflow id="282" from="StgValue_206" to="j" fromId="206" toId="71">
<condition id="93">
<or_exp><and_exp><literal name="exitcond" val="1"/>
</and_exp></or_exp>
</condition>
</dataflow>
<dataflow id="283" from="StgValue_57" to="j" fromId="57" toId="71">
</dataflow>
<dataflow id="284" from="i_5" to="i_2" fromId="114" toId="72">
<BackEdge/>
<condition id="94">
<or_exp><and_exp></and_exp></or_exp>
</condition>
</dataflow>
<dataflow id="285" from="StgValue_116" to="i_2" fromId="116" toId="72">
<BackEdge/>
</dataflow>
<dataflow id="287" from="StgValue_286" to="i_2" fromId="286" toId="72">
<condition id="95">
<or_exp><and_exp><literal name="exitcond" val="1"/>
</and_exp></or_exp>
</condition>
</dataflow>
<dataflow id="288" from="StgValue_57" to="i_2" fromId="57" toId="72">
</dataflow>
<dataflow id="289" from="L_0_1" to="B" fromId="102" toId="73">
<BackEdge/>
<condition id="96">
<or_exp><and_exp></and_exp></or_exp>
</condition>
</dataflow>
<dataflow id="290" from="StgValue_116" to="B" fromId="116" toId="73">
<BackEdge/>
</dataflow>
<dataflow id="291" from="StgValue_147" to="B" fromId="147" toId="73">
<condition id="97">
<or_exp><and_exp><literal name="exitcond" val="1"/>
</and_exp></or_exp>
</condition>
</dataflow>
<dataflow id="292" from="StgValue_57" to="B" fromId="57" toId="73">
</dataflow>
<dataflow id="293" from="k" to="tmp_5" fromId="70" toId="74">
</dataflow>
<dataflow id="295" from="StgValue_294" to="tmp_5" fromId="294" toId="74">
</dataflow>
<dataflow id="296" from="_ssdm_op_SpecLoopTripCount" to="empty_19" fromId="168" toId="75">
</dataflow>
<dataflow id="298" from="StgValue_297" to="empty_19" fromId="297" toId="75">
</dataflow>
<dataflow id="299" from="StgValue_297" to="empty_19" fromId="297" toId="75">
</dataflow>
<dataflow id="300" from="StgValue_297" to="empty_19" fromId="297" toId="75">
</dataflow>
<dataflow id="301" from="k" to="k_1" fromId="70" toId="76">
</dataflow>
<dataflow id="303" from="StgValue_302" to="k_1" fromId="302" toId="76">
</dataflow>
<dataflow id="304" from="tmp_5" to="StgValue_77" fromId="74" toId="77">
</dataflow>
<dataflow id="305" from="i_2" to="tmp_6" fromId="72" toId="78">
</dataflow>
<dataflow id="306" from="S" to="S_addr_2" fromId="132" toId="79">
</dataflow>
<dataflow id="307" from="StgValue_177" to="S_addr_2" fromId="177" toId="79">
</dataflow>
<dataflow id="308" from="tmp_6" to="S_addr_2" fromId="78" toId="79">
</dataflow>
<dataflow id="309" from="S_addr_2" to="S_load_1" fromId="79" toId="80">
</dataflow>
<dataflow id="310" from="S_addr_2" to="S_load_1" fromId="79" toId="82">
</dataflow>
<dataflow id="311" from="A" to="tmp2" fromId="69" toId="83">
</dataflow>
<dataflow id="312" from="B" to="tmp2" fromId="73" toId="83">
</dataflow>
<dataflow id="313" from="S_load_1" to="tmp_1" fromId="82" toId="84">
</dataflow>
<dataflow id="314" from="tmp2" to="tmp_1" fromId="83" toId="84">
</dataflow>
<dataflow id="315" from="tmp_1" to="tmp_10" fromId="84" toId="85">
</dataflow>
<dataflow id="317" from="_ssdm_op_PartSelect.i3.i32.i32.i32" to="tmp_11" fromId="316" toId="86">
</dataflow>
<dataflow id="318" from="tmp_1" to="tmp_11" fromId="84" toId="86">
</dataflow>
<dataflow id="320" from="StgValue_319" to="tmp_11" fromId="319" toId="86">
</dataflow>
<dataflow id="322" from="StgValue_321" to="tmp_11" fromId="321" toId="86">
</dataflow>
<dataflow id="323" from="tmp_1" to="tmp_12" fromId="84" toId="87">
</dataflow>
<dataflow id="325" from="_ssdm_op_BitConcatenate.i32.i29.i3" to="A_1" fromId="324" toId="88">
</dataflow>
<dataflow id="326" from="tmp_10" to="A_1" fromId="85" toId="88">
</dataflow>
<dataflow id="327" from="tmp_11" to="A_1" fromId="86" toId="88">
</dataflow>
<dataflow id="328" from="A_1" to="StgValue_89" fromId="88" toId="89">
</dataflow>
<dataflow id="329" from="S_addr_2" to="StgValue_89" fromId="79" toId="89">
</dataflow>
<dataflow id="330" from="_ssdm_op_Mux.ap_auto.4i32.i2" to="tmp_13" fromId="192" toId="90">
</dataflow>
<dataflow id="331" from="L_0_2" to="tmp_13" fromId="68" toId="90">
</dataflow>
<dataflow id="332" from="L_1_2" to="tmp_13" fromId="67" toId="90">
</dataflow>
<dataflow id="333" from="L_2_2" to="tmp_13" fromId="66" toId="90">
</dataflow>
<dataflow id="334" from="L_3_2" to="tmp_13" fromId="65" toId="90">
</dataflow>
<dataflow id="335" from="j" to="tmp_13" fromId="71" toId="90">
</dataflow>
<dataflow id="336" from="B" to="tmp_14" fromId="73" toId="91">
</dataflow>
<dataflow id="338" from="_ssdm_op_BitConcatenate.i5.i2.i3" to="tmp_17" fromId="337" toId="92">
</dataflow>
<dataflow id="339" from="tmp_12" to="tmp_17" fromId="87" toId="92">
</dataflow>
<dataflow id="340" from="tmp_11" to="tmp_17" fromId="86" toId="92">
</dataflow>
<dataflow id="341" from="B" to="tmp_15" fromId="73" toId="93">
</dataflow>
<dataflow id="342" from="A_1" to="tmp_15" fromId="88" toId="93">
</dataflow>
<dataflow id="343" from="tmp_17" to="tmp_15_cast" fromId="92" toId="94">
</dataflow>
<dataflow id="344" from="tmp_14" to="tmp_15_cast" fromId="91" toId="94">
</dataflow>
<dataflow id="345" from="tmp_13" to="tmp_16" fromId="90" toId="95">
</dataflow>
<dataflow id="346" from="tmp_15" to="tmp_16" fromId="93" toId="95">
</dataflow>
<dataflow id="347" from="tmp_15_cast" to="tmp_17_cast3" fromId="94" toId="96">
</dataflow>
<dataflow id="348" from="tmp_15_cast" to="tmp_17_cast" fromId="94" toId="97">
</dataflow>
<dataflow id="349" from="tmp_16" to="tmp_18" fromId="95" toId="98">
</dataflow>
<dataflow id="350" from="tmp_17_cast" to="tmp_18" fromId="97" toId="98">
</dataflow>
<dataflow id="352" from="StgValue_351" to="tmp_19" fromId="351" toId="99">
</dataflow>
<dataflow id="353" from="tmp_17_cast3" to="tmp_19" fromId="96" toId="99">
</dataflow>
<dataflow id="354" from="tmp_19" to="tmp_19_cast" fromId="99" toId="100">
</dataflow>
<dataflow id="355" from="tmp_16" to="tmp_20" fromId="95" toId="101">
</dataflow>
<dataflow id="356" from="tmp_19_cast" to="tmp_20" fromId="100" toId="101">
</dataflow>
<dataflow id="357" from="tmp_20" to="L_0_1" fromId="101" toId="102">
</dataflow>
<dataflow id="358" from="tmp_18" to="L_0_1" fromId="98" toId="102">
</dataflow>
<dataflow id="359" from="j" to="StgValue_103" fromId="71" toId="103">
</dataflow>
<dataflow id="360" from="StgValue_206" to="StgValue_103" fromId="206" toId="103">
</dataflow>
<dataflow id="361" from="StgValue_208" to="StgValue_103" fromId="208" toId="103">
</dataflow>
<dataflow id="362" from="StgValue_210" to="StgValue_103" fromId="210" toId="103">
</dataflow>
<dataflow id="363" from="L_0_1" to="L_3_3" fromId="102" toId="107">
<condition id="98">
<or_exp><and_exp><literal name="j" val="3"/>
</and_exp></or_exp>
</condition>
</dataflow>
<dataflow id="364" from="StgValue_106" to="L_3_3" fromId="106" toId="107">
</dataflow>
<dataflow id="365" from="L_3_2" to="L_3_3" fromId="65" toId="107">
<condition id="99">
<or_exp><and_exp><literal name="j" val="2"/>
</and_exp></or_exp>
</condition>
</dataflow>
<dataflow id="366" from="StgValue_104" to="L_3_3" fromId="104" toId="107">
</dataflow>
<dataflow id="367" from="L_3_2" to="L_3_3" fromId="65" toId="107">
<condition id="100">
<or_exp><and_exp><literal name="j" val="1"/>
</and_exp></or_exp>
</condition>
</dataflow>
<dataflow id="368" from="StgValue_105" to="L_3_3" fromId="105" toId="107">
</dataflow>
<dataflow id="369" from="L_3_2" to="L_3_3" fromId="65" toId="107">
<condition id="101">
<or_exp><and_exp><literal name="j" val="0"/>
</and_exp></or_exp>
</condition>
</dataflow>
<dataflow id="370" from="StgValue_103" to="L_3_3" fromId="103" toId="107">
</dataflow>
<dataflow id="371" from="L_2_2" to="L_2_3" fromId="66" toId="108">
<condition id="102">
<or_exp><and_exp><literal name="j" val="3"/>
</and_exp></or_exp>
</condition>
</dataflow>
<dataflow id="372" from="StgValue_106" to="L_2_3" fromId="106" toId="108">
</dataflow>
<dataflow id="373" from="L_0_1" to="L_2_3" fromId="102" toId="108">
<condition id="103">
<or_exp><and_exp><literal name="j" val="2"/>
</and_exp></or_exp>
</condition>
</dataflow>
<dataflow id="374" from="StgValue_104" to="L_2_3" fromId="104" toId="108">
</dataflow>
<dataflow id="375" from="L_2_2" to="L_2_3" fromId="66" toId="108">
<condition id="104">
<or_exp><and_exp><literal name="j" val="1"/>
</and_exp></or_exp>
</condition>
</dataflow>
<dataflow id="376" from="StgValue_105" to="L_2_3" fromId="105" toId="108">
</dataflow>
<dataflow id="377" from="L_2_2" to="L_2_3" fromId="66" toId="108">
<condition id="105">
<or_exp><and_exp><literal name="j" val="0"/>
</and_exp></or_exp>
</condition>
</dataflow>
<dataflow id="378" from="StgValue_103" to="L_2_3" fromId="103" toId="108">
</dataflow>
<dataflow id="379" from="L_1_2" to="L_1_3" fromId="67" toId="109">
<condition id="106">
<or_exp><and_exp><literal name="j" val="3"/>
</and_exp></or_exp>
</condition>
</dataflow>
<dataflow id="380" from="StgValue_106" to="L_1_3" fromId="106" toId="109">
</dataflow>
<dataflow id="381" from="L_1_2" to="L_1_3" fromId="67" toId="109">
<condition id="107">
<or_exp><and_exp><literal name="j" val="2"/>
</and_exp></or_exp>
</condition>
</dataflow>
<dataflow id="382" from="StgValue_104" to="L_1_3" fromId="104" toId="109">
</dataflow>
<dataflow id="383" from="L_0_1" to="L_1_3" fromId="102" toId="109">
<condition id="108">
<or_exp><and_exp><literal name="j" val="1"/>
</and_exp></or_exp>
</condition>
</dataflow>
<dataflow id="384" from="StgValue_105" to="L_1_3" fromId="105" toId="109">
</dataflow>
<dataflow id="385" from="L_1_2" to="L_1_3" fromId="67" toId="109">
<condition id="109">
<or_exp><and_exp><literal name="j" val="0"/>
</and_exp></or_exp>
</condition>
</dataflow>
<dataflow id="386" from="StgValue_103" to="L_1_3" fromId="103" toId="109">
</dataflow>
<dataflow id="387" from="L_0_2" to="L_0_s" fromId="68" toId="110">
<condition id="110">
<or_exp><and_exp><literal name="j" val="3"/>
</and_exp></or_exp>
</condition>
</dataflow>
<dataflow id="388" from="StgValue_106" to="L_0_s" fromId="106" toId="110">
</dataflow>
<dataflow id="389" from="L_0_2" to="L_0_s" fromId="68" toId="110">
<condition id="111">
<or_exp><and_exp><literal name="j" val="2"/>
</and_exp></or_exp>
</condition>
</dataflow>
<dataflow id="390" from="StgValue_104" to="L_0_s" fromId="104" toId="110">
</dataflow>
<dataflow id="391" from="L_0_2" to="L_0_s" fromId="68" toId="110">
<condition id="112">
<or_exp><and_exp><literal name="j" val="1"/>
</and_exp></or_exp>
</condition>
</dataflow>
<dataflow id="392" from="StgValue_105" to="L_0_s" fromId="105" toId="110">
</dataflow>
<dataflow id="393" from="L_0_1" to="L_0_s" fromId="102" toId="110">
<condition id="113">
<or_exp><and_exp><literal name="j" val="0"/>
</and_exp></or_exp>
</condition>
</dataflow>
<dataflow id="394" from="StgValue_103" to="L_0_s" fromId="103" toId="110">
</dataflow>
<dataflow id="395" from="i_2" to="tmp_21" fromId="72" toId="111">
</dataflow>
<dataflow id="396" from="StgValue_222" to="tmp_21" fromId="222" toId="111">
</dataflow>
<dataflow id="397" from="tmp_21" to="tmp_22" fromId="111" toId="112">
</dataflow>
<dataflow id="398" from="StgValue_228" to="tmp_22" fromId="228" toId="112">
</dataflow>
<dataflow id="399" from="i_2" to="tmp_23" fromId="72" toId="113">
</dataflow>
<dataflow id="401" from="StgValue_400" to="tmp_23" fromId="400" toId="113">
</dataflow>
<dataflow id="402" from="tmp_22" to="i_5" fromId="112" toId="114">
</dataflow>
<dataflow id="403" from="tmp_21" to="i_5" fromId="111" toId="114">
</dataflow>
<dataflow id="404" from="tmp_23" to="i_5" fromId="113" toId="114">
</dataflow>
<dataflow id="405" from="j" to="j_1" fromId="71" toId="115">
</dataflow>
<dataflow id="406" from="StgValue_208" to="j_1" fromId="208" toId="115">
</dataflow>
<dataflow id="407" from="tmp" to="StgValue_2" fromId="25" toId="2">
</dataflow>
<dataflow id="408" from="tmp_1_t" to="StgValue_3" fromId="33" toId="3">
</dataflow>
<dataflow id="409" from="exitcond" to="StgValue_4" fromId="50" toId="4">
</dataflow>
<dataflow id="410" from="tmp_5" to="StgValue_6" fromId="74" toId="6">
</dataflow>
<dataflow id="411" from="j" to="StgValue_9" fromId="71" toId="9">
</dataflow>
</dataflows>


</stg>
