<stg><name>Block__proc4</name>


<trans_list>

<trans id="95" from="1" to="2">
<condition id="22">
<or_exp><and_exp></and_exp></or_exp>
</condition>
</trans>

<trans id="96" from="2" to="3">
<condition id="23">
<or_exp><and_exp><literal name="tmp" val="0"/>
</and_exp></or_exp>
</condition>
</trans>

<trans id="99" from="2" to="4">
<condition id="28">
<or_exp><and_exp><literal name="tmp" val="1"/>
</and_exp></or_exp>
</condition>
</trans>

<trans id="98" from="3" to="2">
<condition id="26">
<or_exp><and_exp></and_exp></or_exp>
</condition>
</trans>

<trans id="100" from="4" to="5">
<condition id="29">
<or_exp><and_exp><literal name="exitcond" val="0"/>
</and_exp></or_exp>
</condition>
</trans>

<trans id="103" from="4" to="6">
<condition id="34">
<or_exp><and_exp><literal name="exitcond" val="1"/>
</and_exp></or_exp>
</condition>
</trans>

<trans id="102" from="5" to="4">
<condition id="32">
<or_exp><and_exp></and_exp></or_exp>
</condition>
</trans>

<trans id="104" from="6" to="7">
<condition id="35">
<or_exp><and_exp><literal name="tmp_5" val="0"/>
</and_exp></or_exp>
</condition>
</trans>

<trans id="106" from="7" to="8">
<condition id="37">
<or_exp><and_exp></and_exp></or_exp>
</condition>
</trans>

<trans id="107" from="8" to="9">
<condition id="38">
<or_exp><and_exp></and_exp></or_exp>
</condition>
</trans>

<trans id="108" from="9" to="6">
<condition id="40">
<or_exp><and_exp></and_exp></or_exp>
</condition>
</trans>
</trans_list>



<state_list>

<state id="1" st_id="1">

<operation id="10" st_id="1" stage="1" lat="1">
<core>RAM</core>
<MemPortIdVec></MemPortIdVec>
<condition id="0">
<or_exp><and_exp></and_exp></or_exp>
</condition>

<Node id="3" bw="32" op_0_bw="64">
<![CDATA[
newFuncRoot:0  %L = alloca [4 x i32], align 16

]]></Node>
<StgValue><ssdm name="L"/><MemPortTyVec>2 3 </MemPortTyVec>
</StgValue>
</operation>

<operation id="11" st_id="1" stage="1" lat="1">
<core>NULL</core>
<MemPortIdVec></MemPortIdVec>
<condition id="0">
<or_exp><and_exp></and_exp></or_exp>
</condition>

<Node id="4" bw="2" op_0_bw="32" op_1_bw="64" op_2_bw="64">
<![CDATA[
newFuncRoot:1  %L_addr = getelementptr inbounds [4 x i32]* %L, i64 0, i64 3

]]></Node>
<StgValue><ssdm name="L_addr"/></StgValue>
</operation>

<operation id="12" st_id="1" stage="1" lat="1">
<core>RAM</core>
<MemPortIdVec>0 </MemPortIdVec>
<condition id="0">
<or_exp><and_exp></and_exp></or_exp>
</condition>

<Node id="5" bw="0" op_0_bw="32" op_1_bw="2">
<![CDATA[
newFuncRoot:2  store i32 0, i32* %L_addr, align 4

]]></Node>
<StgValue><ssdm name=""/></StgValue>
</operation>

<operation id="13" st_id="1" stage="1" lat="1">
<core>NULL</core>
<MemPortIdVec></MemPortIdVec>
<condition id="0">
<or_exp><and_exp></and_exp></or_exp>
</condition>

<Node id="6" bw="0" op_0_bw="0">
<![CDATA[
newFuncRoot:3  br label %0

]]></Node>
<StgValue><ssdm name=""/></StgValue>
</operation>
</state>

<state id="2" st_id="2">

<operation id="14" st_id="2" stage="1" lat="1">
<core>NULL</core>
<MemPortIdVec></MemPortIdVec>
<condition id="1">
<or_exp><and_exp></and_exp></or_exp>
</condition>

<Node id="8" bw="5" op_0_bw="5" op_1_bw="0">
<![CDATA[
:0  %i = phi i5 [ 15, %newFuncRoot ], [ %i_3, %1 ]

]]></Node>
<StgValue><ssdm name="i"/></StgValue>
</operation>

<operation id="15" st_id="2" stage="1" lat="1">
<core>NULL</core>
<MemPortIdVec></MemPortIdVec>
<condition id="1">
<or_exp><and_exp></and_exp></or_exp>
</condition>

<Node id="9" bw="32" op_0_bw="5">
<![CDATA[
:1  %i_cast = sext i5 %i to i32

]]></Node>
<StgValue><ssdm name="i_cast"/></StgValue>
</operation>

<operation id="16" st_id="2" stage="1" lat="1">
<core>Cmp</core>
<MemPortIdVec></MemPortIdVec>
<condition id="1">
<or_exp><and_exp></and_exp></or_exp>
</condition>

<Node id="10" bw="1" op_0_bw="5" op_1_bw="5">
<![CDATA[
:2  %tmp = icmp eq i5 %i, -1

]]></Node>
<StgValue><ssdm name="tmp"/></StgValue>
</operation>

<operation id="17" st_id="2" stage="1" lat="1">
<core>NULL</core>
<MemPortIdVec></MemPortIdVec>
<condition id="1">
<or_exp><and_exp></and_exp></or_exp>
</condition>

<Node id="11" bw="32" op_0_bw="32" op_1_bw="64" op_2_bw="64" op_3_bw="64">
<![CDATA[
:3  %empty = call i32 (...)* @_ssdm_op_SpecLoopTripCount(i64 16, i64 16, i64 16) nounwind

]]></Node>
<StgValue><ssdm name="empty"/></StgValue>
</operation>

<operation id="18" st_id="2" stage="1" lat="1">
<core>NULL</core>
<MemPortIdVec></MemPortIdVec>
<condition id="1">
<or_exp><and_exp></and_exp></or_exp>
</condition>

<Node id="12" bw="0" op_0_bw="1" op_1_bw="0" op_2_bw="0">
<![CDATA[
:4  br i1 %tmp, label %2, label %1

]]></Node>
<StgValue><ssdm name=""/></StgValue>
</operation>

<operation id="19" st_id="2" stage="1" lat="1">
<core>NULL</core>
<MemPortIdVec></MemPortIdVec>
<condition id="3">
<or_exp><and_exp><literal name="tmp" val="0"/>
</and_exp></or_exp>
</condition>

<Node id="14" bw="3" op_0_bw="3" op_1_bw="5" op_2_bw="32" op_3_bw="32">
<![CDATA[
:0  %tmp_1 = call i3 @_ssdm_op_PartSelect.i3.i5.i32.i32(i5 %i, i32 2, i32 4)

]]></Node>
<StgValue><ssdm name="tmp_1"/></StgValue>
</operation>

<operation id="20" st_id="2" stage="1" lat="1">
<core>NULL</core>
<MemPortIdVec></MemPortIdVec>
<condition id="3">
<or_exp><and_exp><literal name="tmp" val="0"/>
</and_exp></or_exp>
</condition>

<Node id="15" bw="64" op_0_bw="3">
<![CDATA[
:1  %tmp_2 = zext i3 %tmp_1 to i64

]]></Node>
<StgValue><ssdm name="tmp_2"/></StgValue>
</operation>

<operation id="21" st_id="2" stage="1" lat="1">
<core>NULL</core>
<MemPortIdVec></MemPortIdVec>
<condition id="3">
<or_exp><and_exp><literal name="tmp" val="0"/>
</and_exp></or_exp>
</condition>

<Node id="16" bw="2" op_0_bw="32" op_1_bw="64" op_2_bw="64">
<![CDATA[
:2  %L_addr_1 = getelementptr inbounds [4 x i32]* %L, i64 0, i64 %tmp_2

]]></Node>
<StgValue><ssdm name="L_addr_1"/></StgValue>
</operation>

<operation id="22" st_id="2" stage="2" lat="2">
<core>RAM</core>
<MemPortIdVec>0 </MemPortIdVec>
<condition id="3">
<or_exp><and_exp><literal name="tmp" val="0"/>
</and_exp></or_exp>
</condition>

<Node id="17" bw="32" op_0_bw="2">
<![CDATA[
:3  %L_load = load i32* %L_addr_1, align 4

]]></Node>
<StgValue><ssdm name="L_load"/></StgValue>
</operation>

<operation id="23" st_id="2" stage="1" lat="1">
<core>NULL</core>
<MemPortIdVec></MemPortIdVec>
<condition id="3">
<or_exp><and_exp><literal name="tmp" val="0"/>
</and_exp></or_exp>
</condition>

<Node id="18" bw="64" op_0_bw="32">
<![CDATA[
:4  %tmp_4 = zext i32 %i_cast to i64

]]></Node>
<StgValue><ssdm name="tmp_4"/></StgValue>
</operation>

<operation id="24" st_id="2" stage="1" lat="1">
<core>NULL</core>
<MemPortIdVec></MemPortIdVec>
<condition id="3">
<or_exp><and_exp><literal name="tmp" val="0"/>
</and_exp></or_exp>
</condition>

<Node id="19" bw="4" op_0_bw="8" op_1_bw="64" op_2_bw="64">
<![CDATA[
:5  %K_addr = getelementptr [16 x i8]* %K, i64 0, i64 %tmp_4

]]></Node>
<StgValue><ssdm name="K_addr"/></StgValue>
</operation>

<operation id="25" st_id="2" stage="2" lat="2">
<core>RAM</core>
<MemPortIdVec>0 </MemPortIdVec>
<condition id="3">
<or_exp><and_exp><literal name="tmp" val="0"/>
</and_exp></or_exp>
</condition>

<Node id="20" bw="8" op_0_bw="4">
<![CDATA[
:6  %K_load = load i8* %K_addr, align 1

]]></Node>
<StgValue><ssdm name="K_load"/></StgValue>
</operation>

<operation id="26" st_id="2" stage="1" lat="1">
<core>AddSub</core>
<MemPortIdVec></MemPortIdVec>
<condition id="3">
<or_exp><and_exp><literal name="tmp" val="0"/>
</and_exp></or_exp>
</condition>

<Node id="24" bw="5" op_0_bw="5" op_1_bw="5">
<![CDATA[
:10  %i_3 = add i5 -1, %i

]]></Node>
<StgValue><ssdm name="i_3"/></StgValue>
</operation>

<operation id="27" st_id="2" stage="1" lat="1">
<core>RAM</core>
<MemPortIdVec>0 </MemPortIdVec>
<condition id="5">
<or_exp><and_exp><literal name="tmp" val="1"/>
</and_exp></or_exp>
</condition>

<Node id="27" bw="0" op_0_bw="32" op_1_bw="32">
<![CDATA[
:0  store i32 -1209970333, i32* getelementptr inbounds ([26 x i32]* @S, i64 0, i64 0), align 16

]]></Node>
<StgValue><ssdm name=""/></StgValue>
</operation>

<operation id="28" st_id="2" stage="1" lat="1">
<core>NULL</core>
<MemPortIdVec></MemPortIdVec>
<condition id="5">
<or_exp><and_exp><literal name="tmp" val="1"/>
</and_exp></or_exp>
</condition>

<Node id="28" bw="0" op_0_bw="0">
<![CDATA[
:1  br label %3

]]></Node>
<StgValue><ssdm name=""/></StgValue>
</operation>
</state>

<state id="3" st_id="3">

<operation id="29" st_id="3" stage="1" lat="2">
<core>RAM</core>
<MemPortIdVec>0 </MemPortIdVec>
<condition id="6">
<or_exp><and_exp></and_exp></or_exp>
</condition>

<Node id="17" bw="32" op_0_bw="2">
<![CDATA[
:3  %L_load = load i32* %L_addr_1, align 4

]]></Node>
<StgValue><ssdm name="L_load"/></StgValue>
</operation>

<operation id="30" st_id="3" stage="1" lat="2">
<core>RAM</core>
<MemPortIdVec>0 </MemPortIdVec>
<condition id="6">
<or_exp><and_exp></and_exp></or_exp>
</condition>

<Node id="20" bw="8" op_0_bw="4">
<![CDATA[
:6  %K_load = load i8* %K_addr, align 1

]]></Node>
<StgValue><ssdm name="K_load"/></StgValue>
</operation>

<operation id="31" st_id="3" stage="1" lat="1">
<core>NULL</core>
<MemPortIdVec></MemPortIdVec>
<condition id="6">
<or_exp><and_exp></and_exp></or_exp>
</condition>

<Node id="21" bw="24" op_0_bw="32">
<![CDATA[
:7  %tmp_3 = trunc i32 %L_load to i24

]]></Node>
<StgValue><ssdm name="tmp_3"/></StgValue>
</operation>

<operation id="32" st_id="3" stage="1" lat="1">
<core>NULL</core>
<MemPortIdVec></MemPortIdVec>
<condition id="6">
<or_exp><and_exp></and_exp></or_exp>
</condition>

<Node id="22" bw="32" op_0_bw="32" op_1_bw="24" op_2_bw="8">
<![CDATA[
:8  %tmp_6 = call i32 @_ssdm_op_BitConcatenate.i32.i24.i8(i24 %tmp_3, i8 %K_load)

]]></Node>
<StgValue><ssdm name="tmp_6"/></StgValue>
</operation>

<operation id="33" st_id="3" stage="1" lat="1">
<core>RAM</core>
<MemPortIdVec>0 </MemPortIdVec>
<condition id="6">
<or_exp><and_exp></and_exp></or_exp>
</condition>

<Node id="23" bw="0" op_0_bw="32" op_1_bw="2">
<![CDATA[
:9  store i32 %tmp_6, i32* %L_addr_1, align 4

]]></Node>
<StgValue><ssdm name=""/></StgValue>
</operation>

<operation id="34" st_id="3" stage="1" lat="1">
<core>NULL</core>
<MemPortIdVec></MemPortIdVec>
<condition id="6">
<or_exp><and_exp></and_exp></or_exp>
</condition>

<Node id="25" bw="0" op_0_bw="0">
<![CDATA[
:11  br label %0

]]></Node>
<StgValue><ssdm name=""/></StgValue>
</operation>
</state>

<state id="4" st_id="4">

<operation id="35" st_id="4" stage="1" lat="1">
<core>NULL</core>
<MemPortIdVec></MemPortIdVec>
<condition id="7">
<or_exp><and_exp></and_exp></or_exp>
</condition>

<Node id="30" bw="5" op_0_bw="5" op_1_bw="0">
<![CDATA[
:0  %i_1 = phi i5 [ 1, %2 ], [ %i_4, %4 ]

]]></Node>
<StgValue><ssdm name="i_1"/></StgValue>
</operation>

<operation id="36" st_id="4" stage="1" lat="1">
<core>Cmp</core>
<MemPortIdVec></MemPortIdVec>
<condition id="7">
<or_exp><and_exp></and_exp></or_exp>
</condition>

<Node id="31" bw="1" op_0_bw="5" op_1_bw="5">
<![CDATA[
:1  %exitcond = icmp eq i5 %i_1, -6

]]></Node>
<StgValue><ssdm name="exitcond"/></StgValue>
</operation>

<operation id="37" st_id="4" stage="1" lat="1">
<core>NULL</core>
<MemPortIdVec></MemPortIdVec>
<condition id="7">
<or_exp><and_exp></and_exp></or_exp>
</condition>

<Node id="32" bw="32" op_0_bw="32" op_1_bw="64" op_2_bw="64" op_3_bw="64">
<![CDATA[
:2  %empty_18 = call i32 (...)* @_ssdm_op_SpecLoopTripCount(i64 25, i64 25, i64 25) nounwind

]]></Node>
<StgValue><ssdm name="empty_18"/></StgValue>
</operation>

<operation id="38" st_id="4" stage="1" lat="1">
<core>NULL</core>
<MemPortIdVec></MemPortIdVec>
<condition id="7">
<or_exp><and_exp></and_exp></or_exp>
</condition>

<Node id="33" bw="0" op_0_bw="1" op_1_bw="0" op_2_bw="0">
<![CDATA[
:3  br i1 %exitcond, label %.preheader.preheader, label %4

]]></Node>
<StgValue><ssdm name=""/></StgValue>
</operation>

<operation id="39" st_id="4" stage="1" lat="1">
<core>AddSub</core>
<MemPortIdVec></MemPortIdVec>
<condition id="9">
<or_exp><and_exp><literal name="exitcond" val="0"/>
</and_exp></or_exp>
</condition>

<Node id="35" bw="5" op_0_bw="5" op_1_bw="5">
<![CDATA[
:0  %tmp_8 = add i5 %i_1, -1

]]></Node>
<StgValue><ssdm name="tmp_8"/></StgValue>
</operation>

<operation id="40" st_id="4" stage="1" lat="1">
<core>NULL</core>
<MemPortIdVec></MemPortIdVec>
<condition id="9">
<or_exp><and_exp><literal name="exitcond" val="0"/>
</and_exp></or_exp>
</condition>

<Node id="36" bw="64" op_0_bw="5">
<![CDATA[
:1  %tmp_9 = zext i5 %tmp_8 to i64

]]></Node>
<StgValue><ssdm name="tmp_9"/></StgValue>
</operation>

<operation id="41" st_id="4" stage="1" lat="1">
<core>NULL</core>
<MemPortIdVec></MemPortIdVec>
<condition id="9">
<or_exp><and_exp><literal name="exitcond" val="0"/>
</and_exp></or_exp>
</condition>

<Node id="37" bw="5" op_0_bw="32" op_1_bw="64" op_2_bw="64">
<![CDATA[
:2  %S_addr = getelementptr inbounds [26 x i32]* @S, i64 0, i64 %tmp_9

]]></Node>
<StgValue><ssdm name="S_addr"/></StgValue>
</operation>

<operation id="42" st_id="4" stage="2" lat="2">
<core>RAM</core>
<MemPortIdVec>0 </MemPortIdVec>
<condition id="9">
<or_exp><and_exp><literal name="exitcond" val="0"/>
</and_exp></or_exp>
</condition>

<Node id="38" bw="32" op_0_bw="5">
<![CDATA[
:3  %S_load = load i32* %S_addr, align 4

]]></Node>
<StgValue><ssdm name="S_load"/></StgValue>
</operation>

<operation id="43" st_id="4" stage="1" lat="1">
<core>NULL</core>
<MemPortIdVec></MemPortIdVec>
<condition id="11">
<or_exp><and_exp><literal name="exitcond" val="1"/>
</and_exp></or_exp>
</condition>

<Node id="46" bw="0" op_0_bw="0">
<![CDATA[
.preheader.preheader:0  br label %.preheader

]]></Node>
<StgValue><ssdm name=""/></StgValue>
</operation>
</state>

<state id="5" st_id="5">

<operation id="44" st_id="5" stage="1" lat="2">
<core>RAM</core>
<MemPortIdVec>0 </MemPortIdVec>
<condition id="12">
<or_exp><and_exp></and_exp></or_exp>
</condition>

<Node id="38" bw="32" op_0_bw="5">
<![CDATA[
:3  %S_load = load i32* %S_addr, align 4

]]></Node>
<StgValue><ssdm name="S_load"/></StgValue>
</operation>

<operation id="45" st_id="5" stage="1" lat="1">
<core>AddSub</core>
<MemPortIdVec></MemPortIdVec>
<condition id="12">
<or_exp><and_exp></and_exp></or_exp>
</condition>

<Node id="39" bw="32" op_0_bw="32" op_1_bw="32">
<![CDATA[
:4  %tmp_s = add i32 %S_load, -1640531527

]]></Node>
<StgValue><ssdm name="tmp_s"/></StgValue>
</operation>

<operation id="46" st_id="5" stage="1" lat="1">
<core>NULL</core>
<MemPortIdVec></MemPortIdVec>
<condition id="12">
<or_exp><and_exp></and_exp></or_exp>
</condition>

<Node id="40" bw="64" op_0_bw="5">
<![CDATA[
:5  %tmp_7 = zext i5 %i_1 to i64

]]></Node>
<StgValue><ssdm name="tmp_7"/></StgValue>
</operation>

<operation id="47" st_id="5" stage="1" lat="1">
<core>NULL</core>
<MemPortIdVec></MemPortIdVec>
<condition id="12">
<or_exp><and_exp></and_exp></or_exp>
</condition>

<Node id="41" bw="5" op_0_bw="32" op_1_bw="64" op_2_bw="64">
<![CDATA[
:6  %S_addr_1 = getelementptr inbounds [26 x i32]* @S, i64 0, i64 %tmp_7

]]></Node>
<StgValue><ssdm name="S_addr_1"/></StgValue>
</operation>

<operation id="48" st_id="5" stage="1" lat="1">
<core>RAM</core>
<MemPortIdVec>0 </MemPortIdVec>
<condition id="12">
<or_exp><and_exp></and_exp></or_exp>
</condition>

<Node id="42" bw="0" op_0_bw="32" op_1_bw="5">
<![CDATA[
:7  store i32 %tmp_s, i32* %S_addr_1, align 4

]]></Node>
<StgValue><ssdm name=""/></StgValue>
</operation>

<operation id="49" st_id="5" stage="1" lat="1">
<core>AddSub</core>
<MemPortIdVec></MemPortIdVec>
<condition id="12">
<or_exp><and_exp></and_exp></or_exp>
</condition>

<Node id="43" bw="5" op_0_bw="5" op_1_bw="5">
<![CDATA[
:8  %i_4 = add i5 %i_1, 1

]]></Node>
<StgValue><ssdm name="i_4"/></StgValue>
</operation>

<operation id="50" st_id="5" stage="1" lat="1">
<core>NULL</core>
<MemPortIdVec></MemPortIdVec>
<condition id="12">
<or_exp><and_exp></and_exp></or_exp>
</condition>

<Node id="44" bw="0" op_0_bw="0">
<![CDATA[
:9  br label %3

]]></Node>
<StgValue><ssdm name=""/></StgValue>
</operation>
</state>

<state id="6" st_id="6">

<operation id="51" st_id="6" stage="1" lat="1">
<core>NULL</core>
<MemPortIdVec></MemPortIdVec>
<condition id="13">
<or_exp><and_exp></and_exp></or_exp>
</condition>

<Node id="48" bw="32" op_0_bw="32" op_1_bw="0">
<![CDATA[
.preheader:0  %A = phi i32 [ %A_1, %5 ], [ 0, %.preheader.preheader ]

]]></Node>
<StgValue><ssdm name="A"/></StgValue>
</operation>

<operation id="52" st_id="6" stage="1" lat="1">
<core>NULL</core>
<MemPortIdVec></MemPortIdVec>
<condition id="13">
<or_exp><and_exp></and_exp></or_exp>
</condition>

<Node id="49" bw="7" op_0_bw="7" op_1_bw="0">
<![CDATA[
.preheader:1  %k = phi i7 [ %k_1, %5 ], [ 0, %.preheader.preheader ]

]]></Node>
<StgValue><ssdm name="k"/></StgValue>
</operation>

<operation id="53" st_id="6" stage="1" lat="1">
<core>NULL</core>
<MemPortIdVec></MemPortIdVec>
<condition id="13">
<or_exp><and_exp></and_exp></or_exp>
</condition>

<Node id="50" bw="2" op_0_bw="2" op_1_bw="0">
<![CDATA[
.preheader:2  %j = phi i2 [ %j_1, %5 ], [ 0, %.preheader.preheader ]

]]></Node>
<StgValue><ssdm name="j"/></StgValue>
</operation>

<operation id="54" st_id="6" stage="1" lat="1">
<core>NULL</core>
<MemPortIdVec></MemPortIdVec>
<condition id="13">
<or_exp><and_exp></and_exp></or_exp>
</condition>

<Node id="51" bw="5" op_0_bw="5" op_1_bw="0">
<![CDATA[
.preheader:3  %i_2 = phi i5 [ %i_5, %5 ], [ 0, %.preheader.preheader ]

]]></Node>
<StgValue><ssdm name="i_2"/></StgValue>
</operation>

<operation id="55" st_id="6" stage="1" lat="1">
<core>NULL</core>
<MemPortIdVec></MemPortIdVec>
<condition id="13">
<or_exp><and_exp></and_exp></or_exp>
</condition>

<Node id="52" bw="32" op_0_bw="32" op_1_bw="0">
<![CDATA[
.preheader:4  %B = phi i32 [ %B_1, %5 ], [ 0, %.preheader.preheader ]

]]></Node>
<StgValue><ssdm name="B"/></StgValue>
</operation>

<operation id="56" st_id="6" stage="1" lat="1">
<core>Cmp</core>
<MemPortIdVec></MemPortIdVec>
<condition id="13">
<or_exp><and_exp></and_exp></or_exp>
</condition>

<Node id="53" bw="1" op_0_bw="7" op_1_bw="7">
<![CDATA[
.preheader:5  %tmp_5 = icmp eq i7 %k, -50

]]></Node>
<StgValue><ssdm name="tmp_5"/></StgValue>
</operation>

<operation id="57" st_id="6" stage="1" lat="1">
<core>NULL</core>
<MemPortIdVec></MemPortIdVec>
<condition id="13">
<or_exp><and_exp></and_exp></or_exp>
</condition>

<Node id="54" bw="32" op_0_bw="32" op_1_bw="64" op_2_bw="64" op_3_bw="64">
<![CDATA[
.preheader:6  %empty_19 = call i32 (...)* @_ssdm_op_SpecLoopTripCount(i64 78, i64 78, i64 78) nounwind

]]></Node>
<StgValue><ssdm name="empty_19"/></StgValue>
</operation>

<operation id="58" st_id="6" stage="1" lat="1">
<core>AddSub</core>
<MemPortIdVec></MemPortIdVec>
<condition id="13">
<or_exp><and_exp></and_exp></or_exp>
</condition>

<Node id="55" bw="7" op_0_bw="7" op_1_bw="7">
<![CDATA[
.preheader:7  %k_1 = add i7 %k, 1

]]></Node>
<StgValue><ssdm name="k_1"/></StgValue>
</operation>

<operation id="59" st_id="6" stage="1" lat="1">
<core>NULL</core>
<MemPortIdVec></MemPortIdVec>
<condition id="13">
<or_exp><and_exp></and_exp></or_exp>
</condition>

<Node id="56" bw="0" op_0_bw="1" op_1_bw="0" op_2_bw="0">
<![CDATA[
.preheader:8  br i1 %tmp_5, label %.preheader2.exitStub, label %5

]]></Node>
<StgValue><ssdm name=""/></StgValue>
</operation>

<operation id="60" st_id="6" stage="1" lat="1">
<core>NULL</core>
<MemPortIdVec></MemPortIdVec>
<condition id="15">
<or_exp><and_exp><literal name="tmp_5" val="0"/>
</and_exp></or_exp>
</condition>

<Node id="58" bw="64" op_0_bw="5">
<![CDATA[
:0  %tmp_10 = zext i5 %i_2 to i64

]]></Node>
<StgValue><ssdm name="tmp_10"/></StgValue>
</operation>

<operation id="61" st_id="6" stage="1" lat="1">
<core>NULL</core>
<MemPortIdVec></MemPortIdVec>
<condition id="15">
<or_exp><and_exp><literal name="tmp_5" val="0"/>
</and_exp></or_exp>
</condition>

<Node id="59" bw="5" op_0_bw="32" op_1_bw="64" op_2_bw="64">
<![CDATA[
:1  %S_addr_2 = getelementptr inbounds [26 x i32]* @S, i64 0, i64 %tmp_10

]]></Node>
<StgValue><ssdm name="S_addr_2"/></StgValue>
</operation>

<operation id="62" st_id="6" stage="2" lat="2">
<core>RAM</core>
<MemPortIdVec>0 </MemPortIdVec>
<condition id="15">
<or_exp><and_exp><literal name="tmp_5" val="0"/>
</and_exp></or_exp>
</condition>

<Node id="60" bw="32" op_0_bw="5">
<![CDATA[
:2  %S_load_1 = load i32* %S_addr_2, align 4

]]></Node>
<StgValue><ssdm name="S_load_1"/></StgValue>
</operation>

<operation id="63" st_id="6" stage="1" lat="1">
<core>AddSub</core>
<MemPortIdVec></MemPortIdVec>
<condition id="15">
<or_exp><and_exp><literal name="tmp_5" val="0"/>
</and_exp></or_exp>
</condition>

<Node id="84" bw="5" op_0_bw="5" op_1_bw="5">
<![CDATA[
:26  %tmp_21 = add i5 1, %i_2

]]></Node>
<StgValue><ssdm name="tmp_21"/></StgValue>
</operation>

<operation id="64" st_id="6" stage="1" lat="1">
<core>Cmp</core>
<MemPortIdVec></MemPortIdVec>
<condition id="15">
<or_exp><and_exp><literal name="tmp_5" val="0"/>
</and_exp></or_exp>
</condition>

<Node id="85" bw="1" op_0_bw="5" op_1_bw="5">
<![CDATA[
:27  %tmp_23 = icmp ult i5 %tmp_21, -6

]]></Node>
<StgValue><ssdm name="tmp_23"/></StgValue>
</operation>

<operation id="65" st_id="6" stage="1" lat="1">
<core>AddSub</core>
<MemPortIdVec></MemPortIdVec>
<condition id="15">
<or_exp><and_exp><literal name="tmp_5" val="0"/>
</and_exp></or_exp>
</condition>

<Node id="86" bw="5" op_0_bw="5" op_1_bw="5">
<![CDATA[
:28  %tmp_24 = add i5 7, %i_2

]]></Node>
<StgValue><ssdm name="tmp_24"/></StgValue>
</operation>

<operation id="66" st_id="6" stage="1" lat="1">
<core>Sel</core>
<MemPortIdVec></MemPortIdVec>
<condition id="15">
<or_exp><and_exp><literal name="tmp_5" val="0"/>
</and_exp></or_exp>
</condition>

<Node id="87" bw="5" op_0_bw="1" op_1_bw="5" op_2_bw="5">
<![CDATA[
:29  %i_5 = select i1 %tmp_23, i5 %tmp_21, i5 %tmp_24

]]></Node>
<StgValue><ssdm name="i_5"/></StgValue>
</operation>

<operation id="67" st_id="6" stage="1" lat="1">
<core>NULL</core>
<MemPortIdVec></MemPortIdVec>
<condition id="17">
<or_exp><and_exp><literal name="tmp_5" val="1"/>
</and_exp></or_exp>
</condition>

<Node id="91" bw="0">
<![CDATA[
.preheader2.exitStub:0  ret void

]]></Node>
<StgValue><ssdm name=""/></StgValue>
</operation>
</state>

<state id="7" st_id="7">

<operation id="68" st_id="7" stage="1" lat="2">
<core>RAM</core>
<MemPortIdVec>0 </MemPortIdVec>
<condition id="18">
<or_exp><and_exp></and_exp></or_exp>
</condition>

<Node id="60" bw="32" op_0_bw="5">
<![CDATA[
:2  %S_load_1 = load i32* %S_addr_2, align 4

]]></Node>
<StgValue><ssdm name="S_load_1"/></StgValue>
</operation>

<operation id="69" st_id="7" stage="1" lat="1">
<core>TAddSub</core>
<MemPortIdVec></MemPortIdVec>
<condition id="18">
<or_exp><and_exp></and_exp></or_exp>
</condition>

<Node id="61" bw="32" op_0_bw="32" op_1_bw="32">
<![CDATA[
:3  %tmp1 = add i32 %A, %B

]]></Node>
<StgValue><ssdm name="tmp1"/></StgValue>
</operation>

<operation id="70" st_id="7" stage="1" lat="1">
<core>TAddSub</core>
<MemPortIdVec></MemPortIdVec>
<condition id="18">
<or_exp><and_exp></and_exp></or_exp>
</condition>

<Node id="62" bw="32" op_0_bw="32" op_1_bw="32">
<![CDATA[
:4  %tmp_11 = add i32 %S_load_1, %tmp1

]]></Node>
<StgValue><ssdm name="tmp_11"/></StgValue>
</operation>

<operation id="71" st_id="7" stage="1" lat="1">
<core>NULL</core>
<MemPortIdVec></MemPortIdVec>
<condition id="18">
<or_exp><and_exp></and_exp></or_exp>
</condition>

<Node id="63" bw="29" op_0_bw="32">
<![CDATA[
:5  %tmp_12 = trunc i32 %tmp_11 to i29

]]></Node>
<StgValue><ssdm name="tmp_12"/></StgValue>
</operation>

<operation id="72" st_id="7" stage="1" lat="1">
<core>NULL</core>
<MemPortIdVec></MemPortIdVec>
<condition id="18">
<or_exp><and_exp></and_exp></or_exp>
</condition>

<Node id="64" bw="3" op_0_bw="3" op_1_bw="32" op_2_bw="32" op_3_bw="32">
<![CDATA[
:6  %tmp_13 = call i3 @_ssdm_op_PartSelect.i3.i32.i32.i32(i32 %tmp_11, i32 29, i32 31)

]]></Node>
<StgValue><ssdm name="tmp_13"/></StgValue>
</operation>

<operation id="73" st_id="7" stage="1" lat="1">
<core>NULL</core>
<MemPortIdVec></MemPortIdVec>
<condition id="18">
<or_exp><and_exp></and_exp></or_exp>
</condition>

<Node id="65" bw="2" op_0_bw="32">
<![CDATA[
:7  %tmp_14 = trunc i32 %tmp_11 to i2

]]></Node>
<StgValue><ssdm name="tmp_14"/></StgValue>
</operation>

<operation id="74" st_id="7" stage="1" lat="1">
<core>NULL</core>
<MemPortIdVec></MemPortIdVec>
<condition id="18">
<or_exp><and_exp></and_exp></or_exp>
</condition>

<Node id="68" bw="64" op_0_bw="2">
<![CDATA[
:10  %tmp_15 = zext i2 %j to i64

]]></Node>
<StgValue><ssdm name="tmp_15"/></StgValue>
</operation>

<operation id="75" st_id="7" stage="1" lat="1">
<core>NULL</core>
<MemPortIdVec></MemPortIdVec>
<condition id="18">
<or_exp><and_exp></and_exp></or_exp>
</condition>

<Node id="69" bw="2" op_0_bw="32" op_1_bw="64" op_2_bw="64">
<![CDATA[
:11  %L_addr_2 = getelementptr inbounds [4 x i32]* %L, i64 0, i64 %tmp_15

]]></Node>
<StgValue><ssdm name="L_addr_2"/></StgValue>
</operation>

<operation id="76" st_id="7" stage="2" lat="2">
<core>RAM</core>
<MemPortIdVec>0 </MemPortIdVec>
<condition id="18">
<or_exp><and_exp></and_exp></or_exp>
</condition>

<Node id="70" bw="32" op_0_bw="2">
<![CDATA[
:12  %L_load_1 = load i32* %L_addr_2, align 4

]]></Node>
<StgValue><ssdm name="L_load_1"/></StgValue>
</operation>

<operation id="77" st_id="7" stage="1" lat="1">
<core>AddSub</core>
<MemPortIdVec></MemPortIdVec>
<condition id="18">
<or_exp><and_exp></and_exp></or_exp>
</condition>

<Node id="88" bw="2" op_0_bw="2" op_1_bw="2">
<![CDATA[
:30  %j_1 = add i2 1, %j

]]></Node>
<StgValue><ssdm name="j_1"/></StgValue>
</operation>
</state>

<state id="8" st_id="8">

<operation id="78" st_id="8" stage="1" lat="1">
<core>NULL</core>
<MemPortIdVec></MemPortIdVec>
<condition id="19">
<or_exp><and_exp></and_exp></or_exp>
</condition>

<Node id="66" bw="32" op_0_bw="32" op_1_bw="29" op_2_bw="3">
<![CDATA[
:8  %A_1 = call i32 @_ssdm_op_BitConcatenate.i32.i29.i3(i29 %tmp_12, i3 %tmp_13)

]]></Node>
<StgValue><ssdm name="A_1"/></StgValue>
</operation>

<operation id="79" st_id="8" stage="1" lat="1">
<core>RAM</core>
<MemPortIdVec>0 </MemPortIdVec>
<condition id="19">
<or_exp><and_exp></and_exp></or_exp>
</condition>

<Node id="67" bw="0" op_0_bw="32" op_1_bw="5">
<![CDATA[
:9  store i32 %A_1, i32* %S_addr_2, align 4

]]></Node>
<StgValue><ssdm name=""/></StgValue>
</operation>

<operation id="80" st_id="8" stage="1" lat="2">
<core>RAM</core>
<MemPortIdVec>0 </MemPortIdVec>
<condition id="19">
<or_exp><and_exp></and_exp></or_exp>
</condition>

<Node id="70" bw="32" op_0_bw="2">
<![CDATA[
:12  %L_load_1 = load i32* %L_addr_2, align 4

]]></Node>
<StgValue><ssdm name="L_load_1"/></StgValue>
</operation>

<operation id="81" st_id="8" stage="1" lat="1">
<core>NULL</core>
<MemPortIdVec></MemPortIdVec>
<condition id="19">
<or_exp><and_exp></and_exp></or_exp>
</condition>

<Node id="71" bw="5" op_0_bw="5" op_1_bw="2" op_2_bw="3">
<![CDATA[
:13  %tmp_16 = call i5 @_ssdm_op_BitConcatenate.i5.i2.i3(i2 %tmp_14, i3 %tmp_13)

]]></Node>
<StgValue><ssdm name="tmp_16"/></StgValue>
</operation>

<operation id="82" st_id="8" stage="1" lat="1">
<core>NULL</core>
<MemPortIdVec></MemPortIdVec>
<condition id="19">
<or_exp><and_exp></and_exp></or_exp>
</condition>

<Node id="72" bw="5" op_0_bw="32">
<![CDATA[
:14  %tmp_22 = trunc i32 %B to i5

]]></Node>
<StgValue><ssdm name="tmp_22"/></StgValue>
</operation>

<operation id="83" st_id="8" stage="1" lat="1">
<core>AddSub</core>
<MemPortIdVec></MemPortIdVec>
<condition id="19">
<or_exp><and_exp></and_exp></or_exp>
</condition>

<Node id="73" bw="5" op_0_bw="5" op_1_bw="5">
<![CDATA[
:15  %tmp_17_cast = add i5 %tmp_16, %tmp_22

]]></Node>
<StgValue><ssdm name="tmp_17_cast"/></StgValue>
</operation>

<operation id="84" st_id="8" stage="1" lat="1">
<core>TAddSub</core>
<MemPortIdVec></MemPortIdVec>
<condition id="19">
<or_exp><and_exp></and_exp></or_exp>
</condition>

<Node id="76" bw="32" op_0_bw="32" op_1_bw="32">
<![CDATA[
:18  %tmp2 = add i32 %B, %A_1

]]></Node>
<StgValue><ssdm name="tmp2"/></StgValue>
</operation>

<operation id="85" st_id="8" stage="1" lat="1">
<core>TAddSub</core>
<MemPortIdVec></MemPortIdVec>
<condition id="19">
<or_exp><and_exp></and_exp></or_exp>
</condition>

<Node id="77" bw="32" op_0_bw="32" op_1_bw="32">
<![CDATA[
:19  %tmp_17 = add i32 %L_load_1, %tmp2

]]></Node>
<StgValue><ssdm name="tmp_17"/></StgValue>
</operation>
</state>

<state id="9" st_id="9">

<operation id="86" st_id="9" stage="1" lat="1">
<core>NULL</core>
<MemPortIdVec></MemPortIdVec>
<condition id="20">
<or_exp><and_exp></and_exp></or_exp>
</condition>

<Node id="74" bw="32" op_0_bw="5">
<![CDATA[
:16  %tmp_19_cast = zext i5 %tmp_17_cast to i32

]]></Node>
<StgValue><ssdm name="tmp_19_cast"/></StgValue>
</operation>

<operation id="87" st_id="9" stage="1" lat="1">
<core>NULL</core>
<MemPortIdVec></MemPortIdVec>
<condition id="20">
<or_exp><and_exp></and_exp></or_exp>
</condition>

<Node id="75" bw="6" op_0_bw="5">
<![CDATA[
:17  %tmp_19_cast6 = zext i5 %tmp_17_cast to i6

]]></Node>
<StgValue><ssdm name="tmp_19_cast6"/></StgValue>
</operation>

<operation id="88" st_id="9" stage="1" lat="1">
<core>Shift</core>
<MemPortIdVec></MemPortIdVec>
<condition id="20">
<or_exp><and_exp></and_exp></or_exp>
</condition>

<Node id="78" bw="32" op_0_bw="32" op_1_bw="32">
<![CDATA[
:20  %tmp_18 = shl i32 %tmp_17, %tmp_19_cast

]]></Node>
<StgValue><ssdm name="tmp_18"/></StgValue>
</operation>

<operation id="89" st_id="9" stage="1" lat="1">
<core>AddSub</core>
<MemPortIdVec></MemPortIdVec>
<condition id="20">
<or_exp><and_exp></and_exp></or_exp>
</condition>

<Node id="79" bw="6" op_0_bw="6" op_1_bw="6">
<![CDATA[
:21  %tmp_19 = sub i6 -32, %tmp_19_cast6

]]></Node>
<StgValue><ssdm name="tmp_19"/></StgValue>
</operation>

<operation id="90" st_id="9" stage="1" lat="1">
<core>NULL</core>
<MemPortIdVec></MemPortIdVec>
<condition id="20">
<or_exp><and_exp></and_exp></or_exp>
</condition>

<Node id="80" bw="32" op_0_bw="6">
<![CDATA[
:22  %tmp_21_cast = zext i6 %tmp_19 to i32

]]></Node>
<StgValue><ssdm name="tmp_21_cast"/></StgValue>
</operation>

<operation id="91" st_id="9" stage="1" lat="1">
<core>Shift</core>
<MemPortIdVec></MemPortIdVec>
<condition id="20">
<or_exp><and_exp></and_exp></or_exp>
</condition>

<Node id="81" bw="32" op_0_bw="32" op_1_bw="32">
<![CDATA[
:23  %tmp_20 = lshr i32 %tmp_17, %tmp_21_cast

]]></Node>
<StgValue><ssdm name="tmp_20"/></StgValue>
</operation>

<operation id="92" st_id="9" stage="1" lat="1">
<core>LogicGate</core>
<MemPortIdVec></MemPortIdVec>
<condition id="20">
<or_exp><and_exp></and_exp></or_exp>
</condition>

<Node id="82" bw="32" op_0_bw="32" op_1_bw="32">
<![CDATA[
:24  %B_1 = or i32 %tmp_20, %tmp_18

]]></Node>
<StgValue><ssdm name="B_1"/></StgValue>
</operation>

<operation id="93" st_id="9" stage="1" lat="1">
<core>RAM</core>
<MemPortIdVec>0 </MemPortIdVec>
<condition id="20">
<or_exp><and_exp></and_exp></or_exp>
</condition>

<Node id="83" bw="0" op_0_bw="32" op_1_bw="2">
<![CDATA[
:25  store i32 %B_1, i32* %L_addr_2, align 4

]]></Node>
<StgValue><ssdm name=""/></StgValue>
</operation>

<operation id="94" st_id="9" stage="1" lat="1">
<core>NULL</core>
<MemPortIdVec></MemPortIdVec>
<condition id="20">
<or_exp><and_exp></and_exp></or_exp>
</condition>

<Node id="89" bw="0" op_0_bw="0">
<![CDATA[
:31  br label %.preheader

]]></Node>
<StgValue><ssdm name=""/></StgValue>
</operation>
</state>
</state_list>


<ports>
<port id="109" name="K" dir="0" iftype="1">
<core>RAM</core><StgValue><ssdm name="K"/><MemPortTyVec>1 3 </MemPortTyVec>
</StgValue>
</port>
<port id="110" name="S" dir="2" iftype="1">
<core>RAM</core><StgValue><ssdm name="S"/><MemPortTyVec>2 3 </MemPortTyVec>
</StgValue>
</port>
</ports>


<dataflows>
<dataflow id="112" from="StgValue_111" to="L" fromId="111" toId="10">
</dataflow>
<dataflow id="113" from="L" to="L_addr" fromId="10" toId="11">
</dataflow>
<dataflow id="115" from="StgValue_114" to="L_addr" fromId="114" toId="11">
</dataflow>
<dataflow id="117" from="StgValue_116" to="L_addr" fromId="116" toId="11">
</dataflow>
<dataflow id="119" from="StgValue_118" to="StgValue_12" fromId="118" toId="12">
</dataflow>
<dataflow id="120" from="L_addr" to="StgValue_12" fromId="11" toId="12">
</dataflow>
<dataflow id="122" from="StgValue_121" to="i" fromId="121" toId="14">
<condition id="50">
<or_exp><and_exp></and_exp></or_exp>
</condition>
</dataflow>
<dataflow id="123" from="StgValue_13" to="i" fromId="13" toId="14">
</dataflow>
<dataflow id="124" from="i_3" to="i" fromId="26" toId="14">
<BackEdge/>
<condition id="51">
<or_exp><and_exp></and_exp></or_exp>
</condition>
</dataflow>
<dataflow id="125" from="StgValue_34" to="i" fromId="34" toId="14">
<BackEdge/>
</dataflow>
<dataflow id="126" from="i" to="i_cast" fromId="14" toId="15">
</dataflow>
<dataflow id="127" from="i" to="tmp" fromId="14" toId="16">
</dataflow>
<dataflow id="129" from="StgValue_128" to="tmp" fromId="128" toId="16">
</dataflow>
<dataflow id="131" from="_ssdm_op_SpecLoopTripCount" to="empty" fromId="130" toId="17">
</dataflow>
<dataflow id="133" from="StgValue_132" to="empty" fromId="132" toId="17">
</dataflow>
<dataflow id="134" from="StgValue_132" to="empty" fromId="132" toId="17">
</dataflow>
<dataflow id="135" from="StgValue_132" to="empty" fromId="132" toId="17">
</dataflow>
<dataflow id="136" from="tmp" to="StgValue_18" fromId="16" toId="18">
</dataflow>
<dataflow id="138" from="_ssdm_op_PartSelect.i3.i5.i32.i32" to="tmp_1" fromId="137" toId="19">
</dataflow>
<dataflow id="139" from="i" to="tmp_1" fromId="14" toId="19">
</dataflow>
<dataflow id="141" from="StgValue_140" to="tmp_1" fromId="140" toId="19">
</dataflow>
<dataflow id="143" from="StgValue_142" to="tmp_1" fromId="142" toId="19">
</dataflow>
<dataflow id="144" from="tmp_1" to="tmp_2" fromId="19" toId="20">
</dataflow>
<dataflow id="145" from="L" to="L_addr_1" fromId="10" toId="21">
</dataflow>
<dataflow id="146" from="StgValue_114" to="L_addr_1" fromId="114" toId="21">
</dataflow>
<dataflow id="147" from="tmp_2" to="L_addr_1" fromId="20" toId="21">
</dataflow>
<dataflow id="148" from="L_addr_1" to="L_load" fromId="21" toId="22">
</dataflow>
<dataflow id="149" from="i_cast" to="tmp_4" fromId="15" toId="23">
</dataflow>
<dataflow id="150" from="K" to="K_addr" fromId="109" toId="24">
</dataflow>
<dataflow id="151" from="StgValue_114" to="K_addr" fromId="114" toId="24">
</dataflow>
<dataflow id="152" from="tmp_4" to="K_addr" fromId="23" toId="24">
</dataflow>
<dataflow id="153" from="K_addr" to="K_load" fromId="24" toId="25">
</dataflow>
<dataflow id="154" from="StgValue_128" to="i_3" fromId="128" toId="26">
</dataflow>
<dataflow id="155" from="i" to="i_3" fromId="14" toId="26">
</dataflow>
<dataflow id="157" from="StgValue_156" to="StgValue_27" fromId="156" toId="27">
</dataflow>
<dataflow id="159" from="StgValue_158" to="StgValue_27" fromId="158" toId="27">
</dataflow>
<dataflow id="160" from="L_addr_1" to="L_load" fromId="21" toId="29">
</dataflow>
<dataflow id="161" from="K_addr" to="K_load" fromId="24" toId="30">
</dataflow>
<dataflow id="162" from="L_load" to="tmp_3" fromId="29" toId="31">
</dataflow>
<dataflow id="164" from="_ssdm_op_BitConcatenate.i32.i24.i8" to="tmp_6" fromId="163" toId="32">
</dataflow>
<dataflow id="165" from="tmp_3" to="tmp_6" fromId="31" toId="32">
</dataflow>
<dataflow id="166" from="K_load" to="tmp_6" fromId="30" toId="32">
</dataflow>
<dataflow id="167" from="tmp_6" to="StgValue_33" fromId="32" toId="33">
</dataflow>
<dataflow id="168" from="L_addr_1" to="StgValue_33" fromId="21" toId="33">
</dataflow>
<dataflow id="170" from="StgValue_169" to="i_1" fromId="169" toId="35">
<condition id="52">
<or_exp><and_exp><literal name="tmp" val="1"/>
</and_exp></or_exp>
</condition>
</dataflow>
<dataflow id="171" from="StgValue_28" to="i_1" fromId="28" toId="35">
</dataflow>
<dataflow id="172" from="i_4" to="i_1" fromId="49" toId="35">
<BackEdge/>
<condition id="53">
<or_exp><and_exp></and_exp></or_exp>
</condition>
</dataflow>
<dataflow id="173" from="StgValue_50" to="i_1" fromId="50" toId="35">
<BackEdge/>
</dataflow>
<dataflow id="174" from="i_1" to="exitcond" fromId="35" toId="36">
</dataflow>
<dataflow id="176" from="StgValue_175" to="exitcond" fromId="175" toId="36">
</dataflow>
<dataflow id="177" from="_ssdm_op_SpecLoopTripCount" to="empty_18" fromId="130" toId="37">
</dataflow>
<dataflow id="179" from="StgValue_178" to="empty_18" fromId="178" toId="37">
</dataflow>
<dataflow id="180" from="StgValue_178" to="empty_18" fromId="178" toId="37">
</dataflow>
<dataflow id="181" from="StgValue_178" to="empty_18" fromId="178" toId="37">
</dataflow>
<dataflow id="182" from="exitcond" to="StgValue_38" fromId="36" toId="38">
</dataflow>
<dataflow id="183" from="i_1" to="tmp_8" fromId="35" toId="39">
</dataflow>
<dataflow id="184" from="StgValue_128" to="tmp_8" fromId="128" toId="39">
</dataflow>
<dataflow id="185" from="tmp_8" to="tmp_9" fromId="39" toId="40">
</dataflow>
<dataflow id="186" from="S" to="S_addr" fromId="110" toId="41">
</dataflow>
<dataflow id="187" from="StgValue_114" to="S_addr" fromId="114" toId="41">
</dataflow>
<dataflow id="188" from="tmp_9" to="S_addr" fromId="40" toId="41">
</dataflow>
<dataflow id="189" from="S_addr" to="S_load" fromId="41" toId="42">
</dataflow>
<dataflow id="190" from="S_addr" to="S_load" fromId="41" toId="44">
</dataflow>
<dataflow id="191" from="S_load" to="tmp_s" fromId="44" toId="45">
</dataflow>
<dataflow id="193" from="StgValue_192" to="tmp_s" fromId="192" toId="45">
</dataflow>
<dataflow id="194" from="i_1" to="tmp_7" fromId="35" toId="46">
</dataflow>
<dataflow id="195" from="S" to="S_addr_1" fromId="110" toId="47">
</dataflow>
<dataflow id="196" from="StgValue_114" to="S_addr_1" fromId="114" toId="47">
</dataflow>
<dataflow id="197" from="tmp_7" to="S_addr_1" fromId="46" toId="47">
</dataflow>
<dataflow id="198" from="tmp_s" to="StgValue_48" fromId="45" toId="48">
</dataflow>
<dataflow id="199" from="S_addr_1" to="StgValue_48" fromId="47" toId="48">
</dataflow>
<dataflow id="200" from="i_1" to="i_4" fromId="35" toId="49">
</dataflow>
<dataflow id="201" from="StgValue_169" to="i_4" fromId="169" toId="49">
</dataflow>
<dataflow id="202" from="A_1" to="A" fromId="78" toId="51">
<BackEdge/>
<condition id="54">
<or_exp><and_exp></and_exp></or_exp>
</condition>
</dataflow>
<dataflow id="203" from="StgValue_94" to="A" fromId="94" toId="51">
<BackEdge/>
</dataflow>
<dataflow id="204" from="StgValue_118" to="A" fromId="118" toId="51">
<condition id="55">
<or_exp><and_exp><literal name="exitcond" val="1"/>
</and_exp></or_exp>
</condition>
</dataflow>
<dataflow id="205" from="StgValue_43" to="A" fromId="43" toId="51">
</dataflow>
<dataflow id="206" from="k_1" to="k" fromId="58" toId="52">
<BackEdge/>
<condition id="56">
<or_exp><and_exp></and_exp></or_exp>
</condition>
</dataflow>
<dataflow id="207" from="StgValue_94" to="k" fromId="94" toId="52">
<BackEdge/>
</dataflow>
<dataflow id="209" from="StgValue_208" to="k" fromId="208" toId="52">
<condition id="57">
<or_exp><and_exp><literal name="exitcond" val="1"/>
</and_exp></or_exp>
</condition>
</dataflow>
<dataflow id="210" from="StgValue_43" to="k" fromId="43" toId="52">
</dataflow>
<dataflow id="211" from="j_1" to="j" fromId="77" toId="53">
<BackEdge/>
<condition id="58">
<or_exp><and_exp></and_exp></or_exp>
</condition>
</dataflow>
<dataflow id="212" from="StgValue_94" to="j" fromId="94" toId="53">
<BackEdge/>
</dataflow>
<dataflow id="214" from="StgValue_213" to="j" fromId="213" toId="53">
<condition id="59">
<or_exp><and_exp><literal name="exitcond" val="1"/>
</and_exp></or_exp>
</condition>
</dataflow>
<dataflow id="215" from="StgValue_43" to="j" fromId="43" toId="53">
</dataflow>
<dataflow id="216" from="i_5" to="i_2" fromId="66" toId="54">
<BackEdge/>
<condition id="60">
<or_exp><and_exp></and_exp></or_exp>
</condition>
</dataflow>
<dataflow id="217" from="StgValue_94" to="i_2" fromId="94" toId="54">
<BackEdge/>
</dataflow>
<dataflow id="219" from="StgValue_218" to="i_2" fromId="218" toId="54">
<condition id="61">
<or_exp><and_exp><literal name="exitcond" val="1"/>
</and_exp></or_exp>
</condition>
</dataflow>
<dataflow id="220" from="StgValue_43" to="i_2" fromId="43" toId="54">
</dataflow>
<dataflow id="221" from="B_1" to="B" fromId="92" toId="55">
<BackEdge/>
<condition id="62">
<or_exp><and_exp></and_exp></or_exp>
</condition>
</dataflow>
<dataflow id="222" from="StgValue_94" to="B" fromId="94" toId="55">
<BackEdge/>
</dataflow>
<dataflow id="223" from="StgValue_118" to="B" fromId="118" toId="55">
<condition id="63">
<or_exp><and_exp><literal name="exitcond" val="1"/>
</and_exp></or_exp>
</condition>
</dataflow>
<dataflow id="224" from="StgValue_43" to="B" fromId="43" toId="55">
</dataflow>
<dataflow id="225" from="k" to="tmp_5" fromId="52" toId="56">
</dataflow>
<dataflow id="227" from="StgValue_226" to="tmp_5" fromId="226" toId="56">
</dataflow>
<dataflow id="228" from="_ssdm_op_SpecLoopTripCount" to="empty_19" fromId="130" toId="57">
</dataflow>
<dataflow id="230" from="StgValue_229" to="empty_19" fromId="229" toId="57">
</dataflow>
<dataflow id="231" from="StgValue_229" to="empty_19" fromId="229" toId="57">
</dataflow>
<dataflow id="232" from="StgValue_229" to="empty_19" fromId="229" toId="57">
</dataflow>
<dataflow id="233" from="k" to="k_1" fromId="52" toId="58">
</dataflow>
<dataflow id="235" from="StgValue_234" to="k_1" fromId="234" toId="58">
</dataflow>
<dataflow id="236" from="tmp_5" to="StgValue_59" fromId="56" toId="59">
</dataflow>
<dataflow id="237" from="i_2" to="tmp_10" fromId="54" toId="60">
</dataflow>
<dataflow id="238" from="S" to="S_addr_2" fromId="110" toId="61">
</dataflow>
<dataflow id="239" from="StgValue_114" to="S_addr_2" fromId="114" toId="61">
</dataflow>
<dataflow id="240" from="tmp_10" to="S_addr_2" fromId="60" toId="61">
</dataflow>
<dataflow id="241" from="S_addr_2" to="S_load_1" fromId="61" toId="62">
</dataflow>
<dataflow id="242" from="StgValue_169" to="tmp_21" fromId="169" toId="63">
</dataflow>
<dataflow id="243" from="i_2" to="tmp_21" fromId="54" toId="63">
</dataflow>
<dataflow id="244" from="tmp_21" to="tmp_23" fromId="63" toId="64">
</dataflow>
<dataflow id="245" from="StgValue_175" to="tmp_23" fromId="175" toId="64">
</dataflow>
<dataflow id="247" from="StgValue_246" to="tmp_24" fromId="246" toId="65">
</dataflow>
<dataflow id="248" from="i_2" to="tmp_24" fromId="54" toId="65">
</dataflow>
<dataflow id="249" from="tmp_23" to="i_5" fromId="64" toId="66">
</dataflow>
<dataflow id="250" from="tmp_21" to="i_5" fromId="63" toId="66">
</dataflow>
<dataflow id="251" from="tmp_24" to="i_5" fromId="65" toId="66">
</dataflow>
<dataflow id="252" from="S_addr_2" to="S_load_1" fromId="61" toId="68">
</dataflow>
<dataflow id="253" from="A" to="tmp1" fromId="51" toId="69">
</dataflow>
<dataflow id="254" from="B" to="tmp1" fromId="55" toId="69">
</dataflow>
<dataflow id="255" from="S_load_1" to="tmp_11" fromId="68" toId="70">
</dataflow>
<dataflow id="256" from="tmp1" to="tmp_11" fromId="69" toId="70">
</dataflow>
<dataflow id="257" from="tmp_11" to="tmp_12" fromId="70" toId="71">
</dataflow>
<dataflow id="259" from="_ssdm_op_PartSelect.i3.i32.i32.i32" to="tmp_13" fromId="258" toId="72">
</dataflow>
<dataflow id="260" from="tmp_11" to="tmp_13" fromId="70" toId="72">
</dataflow>
<dataflow id="262" from="StgValue_261" to="tmp_13" fromId="261" toId="72">
</dataflow>
<dataflow id="264" from="StgValue_263" to="tmp_13" fromId="263" toId="72">
</dataflow>
<dataflow id="265" from="tmp_11" to="tmp_14" fromId="70" toId="73">
</dataflow>
<dataflow id="266" from="j" to="tmp_15" fromId="53" toId="74">
</dataflow>
<dataflow id="267" from="L" to="L_addr_2" fromId="10" toId="75">
</dataflow>
<dataflow id="268" from="StgValue_114" to="L_addr_2" fromId="114" toId="75">
</dataflow>
<dataflow id="269" from="tmp_15" to="L_addr_2" fromId="74" toId="75">
</dataflow>
<dataflow id="270" from="L_addr_2" to="L_load_1" fromId="75" toId="76">
</dataflow>
<dataflow id="272" from="StgValue_271" to="j_1" fromId="271" toId="77">
</dataflow>
<dataflow id="273" from="j" to="j_1" fromId="53" toId="77">
</dataflow>
<dataflow id="275" from="_ssdm_op_BitConcatenate.i32.i29.i3" to="A_1" fromId="274" toId="78">
</dataflow>
<dataflow id="276" from="tmp_12" to="A_1" fromId="71" toId="78">
</dataflow>
<dataflow id="277" from="tmp_13" to="A_1" fromId="72" toId="78">
</dataflow>
<dataflow id="278" from="A_1" to="StgValue_79" fromId="78" toId="79">
</dataflow>
<dataflow id="279" from="S_addr_2" to="StgValue_79" fromId="61" toId="79">
</dataflow>
<dataflow id="280" from="L_addr_2" to="L_load_1" fromId="75" toId="80">
</dataflow>
<dataflow id="282" from="_ssdm_op_BitConcatenate.i5.i2.i3" to="tmp_16" fromId="281" toId="81">
</dataflow>
<dataflow id="283" from="tmp_14" to="tmp_16" fromId="73" toId="81">
</dataflow>
<dataflow id="284" from="tmp_13" to="tmp_16" fromId="72" toId="81">
</dataflow>
<dataflow id="285" from="B" to="tmp_22" fromId="55" toId="82">
</dataflow>
<dataflow id="286" from="tmp_16" to="tmp_17_cast" fromId="81" toId="83">
</dataflow>
<dataflow id="287" from="tmp_22" to="tmp_17_cast" fromId="82" toId="83">
</dataflow>
<dataflow id="288" from="B" to="tmp2" fromId="55" toId="84">
</dataflow>
<dataflow id="289" from="A_1" to="tmp2" fromId="78" toId="84">
</dataflow>
<dataflow id="290" from="L_load_1" to="tmp_17" fromId="80" toId="85">
</dataflow>
<dataflow id="291" from="tmp2" to="tmp_17" fromId="84" toId="85">
</dataflow>
<dataflow id="292" from="tmp_17_cast" to="tmp_19_cast" fromId="83" toId="86">
</dataflow>
<dataflow id="293" from="tmp_17_cast" to="tmp_19_cast6" fromId="83" toId="87">
</dataflow>
<dataflow id="294" from="tmp_17" to="tmp_18" fromId="85" toId="88">
</dataflow>
<dataflow id="295" from="tmp_19_cast" to="tmp_18" fromId="86" toId="88">
</dataflow>
<dataflow id="297" from="StgValue_296" to="tmp_19" fromId="296" toId="89">
</dataflow>
<dataflow id="298" from="tmp_19_cast6" to="tmp_19" fromId="87" toId="89">
</dataflow>
<dataflow id="299" from="tmp_19" to="tmp_21_cast" fromId="89" toId="90">
</dataflow>
<dataflow id="300" from="tmp_17" to="tmp_20" fromId="85" toId="91">
</dataflow>
<dataflow id="301" from="tmp_21_cast" to="tmp_20" fromId="90" toId="91">
</dataflow>
<dataflow id="302" from="tmp_20" to="B_1" fromId="91" toId="92">
</dataflow>
<dataflow id="303" from="tmp_18" to="B_1" fromId="88" toId="92">
</dataflow>
<dataflow id="304" from="B_1" to="StgValue_93" fromId="92" toId="93">
</dataflow>
<dataflow id="305" from="L_addr_2" to="StgValue_93" fromId="75" toId="93">
</dataflow>
<dataflow id="306" from="tmp" to="StgValue_2" fromId="16" toId="2">
</dataflow>
<dataflow id="307" from="exitcond" to="StgValue_4" fromId="36" toId="4">
</dataflow>
<dataflow id="308" from="tmp_5" to="StgValue_6" fromId="56" toId="6">
</dataflow>
</dataflows>


</stg>
