<profile>

<section name = "Vivado HLS Report for 'Block_proc4'" level="0">
<item name = "Date">Mon Nov 19 13:59:41 2018
</item>
<item name = "Version">2018.2 (Build 2258646 on Thu Jun 14 20:25:20 MDT 2018)</item>
<item name = "Project">RC5key</item>
<item name = "Solution">least_throughput</item>
<item name = "Product family">zynq</item>
<item name = "Target device">xc7z010clg400-1</item>
</section>

<section name = "Performance Estimates" level="0">
<item name = "Timing (ns)">
<section name = "" level="1">
<item name = "Summary"><table name="" hasTotal="0">
<keys size="4">Clock, Target, Estimated, Uncertainty</keys>
<column name="ap_clk">10.00, 8.567, 1.00</column>
</table>
</item>
</section>
</item>
<item name = "Latency (clock cycles)">
<section name = "" level="1">
<item name = "Summary"><table name="" hasTotal="0">
<keys size="6">, min, max, min, max, Type</keys>
<column name="">397, 397, 397, 397, none</column>
</table>
</item>
<item name = "Detail">
<section name = "" level="1">
<item name = "Instance"><table name="" hasTotal="0">
<keys size="7">Instance, Module, min, max, min, max, Type</keys>
</table>
</item>
<item name = "Loop"><table name="" hasTotal="0">
<keys size="8">Loop Name, min, max, Latency, achieved, target, Count, Pipelined</keys>
<column name="- Loop 1">32, 32, 2, -, -, 16, no</column>
<column name="- Loop 2">50, 50, 2, -, -, 25, no</column>
<column name="- Loop 3">312, 312, 4, -, -, 78, no</column>
</table>
</item>
</section>
</item>
</section>
</item>
</section>

<section name = "Utilization Estimates" level="0">
<item name = "Summary"><table name="" hasTotal="1">
<keys size="5">Name, BRAM_18K, DSP48E, FF, LUT</keys>
<column name="DSP">-, -, -, -</column>
<column name="Expression">-, -, 0, 582</column>
<column name="FIFO">-, -, -, -</column>
<column name="Instance">-, -, -, -</column>
<column name="Memory">0, -, 128, 15</column>
<column name="Multiplexer">-, -, -, 227</column>
<column name="Register">-, -, 229, -</column>
<specialColumn name="Available">120, 80, 35200, 17600</specialColumn>
<specialColumn name="Utilization (%)">0, 0, 1, 4</specialColumn>
</table>
</item>
<item name = "Detail">
<section name = "" level="1">
<item name = "Instance"><table name="" hasTotal="1">
<keys size="6">Instance, Module, BRAM_18K, DSP48E, FF, LUT</keys>
</table>
</item>
<item name = "DSP48"><table name="" hasTotal="0">
<keys size="3">Instance, Module, Expression</keys>
</table>
</item>
<item name = "Memory"><table name="" hasTotal="1">
<keys size="9">Memory, Module, BRAM_18K, FF, LUT, Words, Bits, Banks, W*Bits*Banks</keys>
<column name="L_U">Block_proc4_L, 0, 64, 2, 4, 32, 1, 128</column>
<column name="S_U">Block_proc4_S, 0, 64, 13, 26, 32, 1, 832</column>
</table>
</item>
<item name = "FIFO"><table name="" hasTotal="1">
<keys size="7">Name, BRAM_18K, FF, LUT, Depth, Bits, Size:D*B</keys>
</table>
</item>
<item name = "Expression"><table name="" hasTotal="1">
<keys size="7">Variable Name, Operation, DSP48E, FF, LUT, Bitwidth P0, Bitwidth P1</keys>
<column name="i_3_fu_256_p2">+, 0, 0, 15, 2, 5</column>
<column name="i_4_fu_304_p2">+, 0, 0, 15, 5, 1</column>
<column name="j_1_fu_388_p2">+, 0, 0, 10, 1, 2</column>
<column name="k_1_fu_316_p2">+, 0, 0, 15, 7, 1</column>
<column name="tmp1_fu_353_p2">+, 0, 0, 32, 32, 32</column>
<column name="tmp2_fu_417_p2">+, 0, 0, 32, 32, 32</column>
<column name="tmp_11_fu_359_p2">+, 0, 0, 32, 32, 32</column>
<column name="tmp_17_cast_fu_411_p2">+, 0, 0, 15, 5, 5</column>
<column name="tmp_17_fu_423_p2">+, 0, 0, 32, 32, 32</column>
<column name="tmp_21_fu_327_p2">+, 0, 0, 15, 1, 5</column>
<column name="tmp_24_fu_339_p2">+, 0, 0, 15, 3, 5</column>
<column name="tmp_8_fu_281_p2">+, 0, 0, 15, 5, 2</column>
<column name="tmp_s_fu_292_p2">+, 0, 0, 39, 32, 32</column>
<column name="tmp_19_fu_440_p2">-, 0, 0, 15, 7, 6</column>
<column name="exitcond_fu_275_p2">icmp, 0, 0, 11, 5, 4</column>
<column name="tmp_23_fu_333_p2">icmp, 0, 0, 11, 5, 4</column>
<column name="tmp_5_fu_310_p2">icmp, 0, 0, 11, 7, 7</column>
<column name="tmp_fu_230_p2">icmp, 0, 0, 11, 5, 2</column>
<column name="tmp_20_fu_450_p2">lshr, 0, 0, 101, 32, 32</column>
<column name="B_1_fu_455_p2">or, 0, 0, 32, 32, 32</column>
<column name="ap_block_state1">or, 0, 0, 2, 1, 1</column>
<column name="i_5_fu_345_p3">select, 0, 0, 5, 1, 5</column>
<column name="tmp_18_fu_435_p2">shl, 0, 0, 101, 32, 32</column>
</table>
</item>
<item name = "Multiplexer"><table name="" hasTotal="1">
<keys size="5">Name, LUT, Input Size, Bits, Total Bits</keys>
<column name="A_reg_168">9, 2, 32, 64</column>
<column name="B_reg_214">9, 2, 32, 64</column>
<column name="L_address0">33, 6, 2, 12</column>
<column name="L_d0">21, 4, 32, 128</column>
<column name="S_address0">33, 6, 5, 30</column>
<column name="S_d0">21, 4, 32, 128</column>
<column name="ap_NS_fsm">47, 10, 1, 10</column>
<column name="ap_done">9, 2, 1, 2</column>
<column name="i_1_reg_156">9, 2, 5, 10</column>
<column name="i_2_reg_203">9, 2, 5, 10</column>
<column name="i_reg_145">9, 2, 5, 10</column>
<column name="j_reg_191">9, 2, 2, 4</column>
<column name="k_reg_180">9, 2, 7, 14</column>
</table>
</item>
<item name = "Register"><table name="" hasTotal="1">
<keys size="5">Name, FF, LUT, Bits, Const Bits</keys>
<column name="A_1_reg_537">32, 0, 32, 0</column>
<column name="A_reg_168">32, 0, 32, 0</column>
<column name="B_reg_214">32, 0, 32, 0</column>
<column name="L_addr_1_reg_465">2, 0, 2, 0</column>
<column name="L_addr_2_reg_527">2, 0, 2, 0</column>
<column name="S_addr_2_reg_501">5, 0, 5, 0</column>
<column name="ap_CS_fsm">9, 0, 9, 0</column>
<column name="ap_done_reg">1, 0, 1, 0</column>
<column name="i_1_reg_156">5, 0, 5, 0</column>
<column name="i_2_reg_203">5, 0, 5, 0</column>
<column name="i_3_reg_475">5, 0, 5, 0</column>
<column name="i_5_reg_506">5, 0, 5, 0</column>
<column name="i_reg_145">5, 0, 5, 0</column>
<column name="j_1_reg_532">2, 0, 2, 0</column>
<column name="j_reg_191">2, 0, 2, 0</column>
<column name="k_1_reg_496">7, 0, 7, 0</column>
<column name="k_reg_180">7, 0, 7, 0</column>
<column name="tmp_12_reg_511">29, 0, 29, 0</column>
<column name="tmp_13_reg_516">3, 0, 3, 0</column>
<column name="tmp_14_reg_522">2, 0, 2, 0</column>
<column name="tmp_17_cast_reg_542">5, 0, 5, 0</column>
<column name="tmp_17_reg_548">32, 0, 32, 0</column>
</table>
</item>
</section>
</item>
</section>

<section name = "Interface" level="0">
<item name = "Summary"><table name="" hasTotal="0">
<keys size="6">RTL Ports, Dir, Bits, Protocol, Source Object, C Type</keys>
<column name="ap_clk">in, 1, ap_ctrl_hs, Block__proc4, return value</column>
<column name="ap_rst">in, 1, ap_ctrl_hs, Block__proc4, return value</column>
<column name="ap_start">in, 1, ap_ctrl_hs, Block__proc4, return value</column>
<column name="ap_done">out, 1, ap_ctrl_hs, Block__proc4, return value</column>
<column name="ap_continue">in, 1, ap_ctrl_hs, Block__proc4, return value</column>
<column name="ap_idle">out, 1, ap_ctrl_hs, Block__proc4, return value</column>
<column name="ap_ready">out, 1, ap_ctrl_hs, Block__proc4, return value</column>
<column name="K_address0">out, 4, ap_memory, K, array</column>
<column name="K_ce0">out, 1, ap_memory, K, array</column>
<column name="K_q0">in, 8, ap_memory, K, array</column>
</table>
</item>
</section>
</profile>
