<profile>

<section name = "Vivado HLS Report for 'RC5_SETUP'" level="0">
<item name = "Date">Mon Nov 19 13:59:43 2018
</item>
<item name = "Version">2018.2 (Build 2258646 on Thu Jun 14 20:25:20 MDT 2018)</item>
<item name = "Project">RC5key</item>
<item name = "Solution">least_throughput</item>
<item name = "Product family">zynq</item>
<item name = "Target device">xc7z010clg400-1</item>
</section>

<section name = "Performance Estimates" level="0">
<item name = "Timing (ns)">
<section name = "" level="1">
<item name = "Summary"><table name="" hasTotal="0">
<keys size="4">Clock, Target, Estimated, Uncertainty</keys>
<column name="ap_clk">10.00, 8.567, 1.00</column>
</table>
</item>
</section>
</item>
<item name = "Latency (clock cycles)">
<section name = "" level="1">
<item name = "Summary"><table name="" hasTotal="0">
<keys size="6">, min, max, min, max, Type</keys>
<column name="">397, 397, 398, 398, dataflow</column>
</table>
</item>
<item name = "Detail">
<section name = "" level="1">
<item name = "Instance"><table name="" hasTotal="0">
<keys size="7">Instance, Module, min, max, min, max, Type</keys>
<column name="Block_proc4_U0">Block_proc4, 397, 397, 397, 397, none</column>
</table>
</item>
<item name = "Loop"><table name="" hasTotal="0">
<keys size="8">Loop Name, min, max, Latency, achieved, target, Count, Pipelined</keys>
</table>
</item>
</section>
</item>
</section>
</item>
</section>

<section name = "Utilization Estimates" level="0">
<item name = "Summary"><table name="" hasTotal="1">
<keys size="5">Name, BRAM_18K, DSP48E, FF, LUT</keys>
<column name="DSP">-, -, -, -</column>
<column name="Expression">-, -, -, -</column>
<column name="FIFO">-, -, -, -</column>
<column name="Instance">0, -, 357, 824</column>
<column name="Memory">-, -, -, -</column>
<column name="Multiplexer">-, -, -, -</column>
<column name="Register">-, -, -, -</column>
<specialColumn name="Available">120, 80, 35200, 17600</specialColumn>
<specialColumn name="Utilization (%)">0, 0, 1, 4</specialColumn>
</table>
</item>
<item name = "Detail">
<section name = "" level="1">
<item name = "Instance"><table name="" hasTotal="1">
<keys size="6">Instance, Module, BRAM_18K, DSP48E, FF, LUT</keys>
<column name="Block_proc4_U0">Block_proc4, 0, 0, 357, 824</column>
</table>
</item>
<item name = "DSP48"><table name="" hasTotal="0">
<keys size="3">Instance, Module, Expression</keys>
</table>
</item>
<item name = "Memory"><table name="" hasTotal="1">
<keys size="9">Memory, Module, BRAM_18K, FF, LUT, Words, Bits, Banks, W*Bits*Banks</keys>
</table>
</item>
<item name = "FIFO"><table name="" hasTotal="1">
<keys size="7">Name, BRAM_18K, FF, LUT, Depth, Bits, Size:D*B</keys>
</table>
</item>
<item name = "Expression"><table name="" hasTotal="1">
<keys size="7">Variable Name, Operation, DSP48E, FF, LUT, Bitwidth P0, Bitwidth P1</keys>
</table>
</item>
<item name = "Multiplexer"><table name="" hasTotal="1">
<keys size="5">Name, LUT, Input Size, Bits, Total Bits</keys>
</table>
</item>
<item name = "Register"><table name="" hasTotal="1">
<keys size="5">Name, FF, LUT, Bits, Const Bits</keys>
</table>
</item>
</section>
</item>
</section>

<section name = "Interface" level="0">
<item name = "Summary"><table name="" hasTotal="0">
<keys size="6">RTL Ports, Dir, Bits, Protocol, Source Object, C Type</keys>
<column name="K_address0">out, 4, ap_memory, K, array</column>
<column name="K_ce0">out, 1, ap_memory, K, array</column>
<column name="K_d0">out, 8, ap_memory, K, array</column>
<column name="K_q0">in, 8, ap_memory, K, array</column>
<column name="K_we0">out, 1, ap_memory, K, array</column>
<column name="K_address1">out, 4, ap_memory, K, array</column>
<column name="K_ce1">out, 1, ap_memory, K, array</column>
<column name="K_d1">out, 8, ap_memory, K, array</column>
<column name="K_q1">in, 8, ap_memory, K, array</column>
<column name="K_we1">out, 1, ap_memory, K, array</column>
<column name="ap_clk">in, 1, ap_ctrl_hs, RC5_SETUP, return value</column>
<column name="ap_rst">in, 1, ap_ctrl_hs, RC5_SETUP, return value</column>
<column name="ap_start">in, 1, ap_ctrl_hs, RC5_SETUP, return value</column>
<column name="ap_ready">out, 1, ap_ctrl_hs, RC5_SETUP, return value</column>
<column name="ap_done">out, 1, ap_ctrl_hs, RC5_SETUP, return value</column>
<column name="ap_idle">out, 1, ap_ctrl_hs, RC5_SETUP, return value</column>
</table>
</item>
</section>
</profile>
