<annotationInfo>
<annotationInfo>
<item  id="3" filename="RC5key.c" linenumber="30" name="L" contextFuncName="RC5_SETUP" moduleName="Block__proc4" rtlName="L_U" latency="0" BRAM="-1" DSP="-1" FF="-1" LUT="-1" fileDirectory="D:\RC5key"&gt;&lt;\/item&gt;
<item  id="9" filename="RC5key.c" linenumber="32" name="i_cast" contextFuncName="RC5_SETUP" moduleName="Block__proc4" rtlName="i_cast_fu_226_p1" latency="0" BRAM="-1" DSP="-1" FF="-1" LUT="-1" fileDirectory="D:\RC5key"&gt;&lt;\/item&gt;
<item  id="10" filename="RC5key.c" linenumber="32" name="tmp" contextFuncName="RC5_SETUP" moduleName="Block__proc4" rtlName="tmp_fu_230_p2" latency="0" BRAM="-1" DSP="-1" FF="0" LUT="11" fileDirectory="D:\RC5key"&gt;&lt;\/item&gt;
<item  id="14" filename="RC5key.c" linenumber="33" name="tmp_1" contextFuncName="RC5_SETUP" moduleName="Block__proc4" rtlName="tmp_1_fu_236_p4" latency="0" BRAM="-1" DSP="-1" FF="-1" LUT="-1" fileDirectory="D:\RC5key"&gt;&lt;\/item&gt;
<item  id="15" filename="RC5key.c" linenumber="33" name="tmp_2" contextFuncName="RC5_SETUP" moduleName="Block__proc4" rtlName="tmp_2_fu_246_p1" latency="0" BRAM="-1" DSP="-1" FF="-1" LUT="-1" fileDirectory="D:\RC5key"&gt;&lt;\/item&gt;
<item  id="18" filename="RC5key.c" linenumber="33" name="tmp_4" contextFuncName="RC5_SETUP" moduleName="Block__proc4" rtlName="tmp_4_fu_251_p1" latency="0" BRAM="-1" DSP="-1" FF="-1" LUT="-1" fileDirectory="D:\RC5key"&gt;&lt;\/item&gt;
<item  id="21" filename="RC5key.c" linenumber="33" name="tmp_3" contextFuncName="RC5_SETUP" moduleName="Block__proc4" rtlName="tmp_3_fu_262_p1" latency="0" BRAM="-1" DSP="-1" FF="-1" LUT="-1" fileDirectory="D:\RC5key"&gt;&lt;\/item&gt;
<item  id="22" filename="RC5key.c" linenumber="33" name="tmp_6" contextFuncName="RC5_SETUP" moduleName="Block__proc4" rtlName="tmp_6_fu_266_p3" latency="0" BRAM="-1" DSP="-1" FF="-1" LUT="-1" fileDirectory="D:\RC5key"&gt;&lt;\/item&gt;
<item  id="24" filename="RC5key.c" linenumber="32" name="i_3" contextFuncName="RC5_SETUP" moduleName="Block__proc4" rtlName="i_3_fu_256_p2" latency="0" BRAM="-1" DSP="-1" FF="0" LUT="15" fileDirectory="D:\RC5key"&gt;&lt;\/item&gt;
<item  id="31" filename="RC5key.c" linenumber="34" name="exitcond" contextFuncName="RC5_SETUP" moduleName="Block__proc4" rtlName="exitcond_fu_275_p2" latency="0" BRAM="-1" DSP="-1" FF="0" LUT="11" fileDirectory="D:\RC5key"&gt;&lt;\/item&gt;
<item  id="35" filename="RC5key.c" linenumber="34" name="tmp_8" contextFuncName="RC5_SETUP" moduleName="Block__proc4" rtlName="tmp_8_fu_281_p2" latency="0" BRAM="-1" DSP="-1" FF="0" LUT="15" fileDirectory="D:\RC5key"&gt;&lt;\/item&gt;
<item  id="36" filename="RC5key.c" linenumber="34" name="tmp_9" contextFuncName="RC5_SETUP" moduleName="Block__proc4" rtlName="tmp_9_fu_287_p1" latency="0" BRAM="-1" DSP="-1" FF="-1" LUT="-1" fileDirectory="D:\RC5key"&gt;&lt;\/item&gt;
<item  id="39" filename="RC5key.c" linenumber="34" name="tmp_s" contextFuncName="RC5_SETUP" moduleName="Block__proc4" rtlName="tmp_s_fu_292_p2" latency="0" BRAM="-1" DSP="-1" FF="0" LUT="39" fileDirectory="D:\RC5key"&gt;&lt;\/item&gt;
<item  id="40" filename="RC5key.c" linenumber="34" name="tmp_7" contextFuncName="RC5_SETUP" moduleName="Block__proc4" rtlName="tmp_7_fu_299_p1" latency="0" BRAM="-1" DSP="-1" FF="-1" LUT="-1" fileDirectory="D:\RC5key"&gt;&lt;\/item&gt;
<item  id="43" filename="RC5key.c" linenumber="34" name="i_4" contextFuncName="RC5_SETUP" moduleName="Block__proc4" rtlName="i_4_fu_304_p2" latency="0" BRAM="-1" DSP="-1" FF="0" LUT="15" fileDirectory="D:\RC5key"&gt;&lt;\/item&gt;
<item  id="53" filename="RC5key.c" linenumber="35" name="tmp_5" contextFuncName="RC5_SETUP" moduleName="Block__proc4" rtlName="tmp_5_fu_310_p2" latency="0" BRAM="-1" DSP="-1" FF="0" LUT="11" fileDirectory="D:\RC5key"&gt;&lt;\/item&gt;
<item  id="55" filename="RC5key.c" linenumber="36" name="k_1" contextFuncName="RC5_SETUP" moduleName="Block__proc4" rtlName="k_1_fu_316_p2" latency="0" BRAM="-1" DSP="-1" FF="0" LUT="15" fileDirectory="D:\RC5key"&gt;&lt;\/item&gt;
<item  id="58" filename="RC5key.c" linenumber="37" name="tmp_10" contextFuncName="RC5_SETUP" moduleName="Block__proc4" rtlName="tmp_10_fu_322_p1" latency="0" BRAM="-1" DSP="-1" FF="-1" LUT="-1" fileDirectory="D:\RC5key"&gt;&lt;\/item&gt;
<item  id="61" filename="RC5key.c" linenumber="37" name="tmp1" contextFuncName="RC5_SETUP" moduleName="Block__proc4" rtlName="tmp1_fu_353_p2" latency="0" BRAM="-1" DSP="-1" FF="0" LUT="32" fileDirectory="D:\RC5key"&gt;&lt;\/item&gt;
<item  id="62" filename="RC5key.c" linenumber="37" name="tmp_11" contextFuncName="RC5_SETUP" moduleName="Block__proc4" rtlName="tmp_11_fu_359_p2" latency="0" BRAM="-1" DSP="-1" FF="0" LUT="32" fileDirectory="D:\RC5key"&gt;&lt;\/item&gt;
<item  id="63" filename="RC5key.c" linenumber="37" name="tmp_12" contextFuncName="RC5_SETUP" moduleName="Block__proc4" rtlName="tmp_12_fu_365_p1" latency="0" BRAM="-1" DSP="-1" FF="-1" LUT="-1" fileDirectory="D:\RC5key"&gt;&lt;\/item&gt;
<item  id="64" filename="RC5key.c" linenumber="37" name="tmp_13" contextFuncName="RC5_SETUP" moduleName="Block__proc4" rtlName="tmp_13_reg_516" latency="0" BRAM="-1" DSP="-1" FF="-1" LUT="-1" fileDirectory="D:\RC5key"&gt;&lt;\/item&gt;
<item  id="65" filename="RC5key.c" linenumber="37" name="tmp_14" contextFuncName="RC5_SETUP" moduleName="Block__proc4" rtlName="tmp_14_fu_379_p1" latency="0" BRAM="-1" DSP="-1" FF="-1" LUT="-1" fileDirectory="D:\RC5key"&gt;&lt;\/item&gt;
<item  id="66" filename="RC5key.c" linenumber="37" name="A_1" contextFuncName="RC5_SETUP" moduleName="Block__proc4" rtlName="A_1_fu_394_p3" latency="0" BRAM="-1" DSP="-1" FF="-1" LUT="-1" fileDirectory="D:\RC5key"&gt;&lt;\/item&gt;
<item  id="68" filename="RC5key.c" linenumber="38" name="tmp_15" contextFuncName="RC5_SETUP" moduleName="Block__proc4" rtlName="tmp_15_fu_383_p1" latency="0" BRAM="-1" DSP="-1" FF="-1" LUT="-1" fileDirectory="D:\RC5key"&gt;&lt;\/item&gt;
<item  id="71" filename="RC5key.c" linenumber="37" name="tmp_16" contextFuncName="RC5_SETUP" moduleName="Block__proc4" rtlName="tmp_16_fu_401_p3" latency="0" BRAM="-1" DSP="-1" FF="-1" LUT="-1" fileDirectory="D:\RC5key"&gt;&lt;\/item&gt;
<item  id="72" filename="RC5key.c" linenumber="38" name="tmp_22" contextFuncName="RC5_SETUP" moduleName="Block__proc4" rtlName="tmp_22_fu_407_p1" latency="0" BRAM="-1" DSP="-1" FF="-1" LUT="-1" fileDirectory="D:\RC5key"&gt;&lt;\/item&gt;
<item  id="73" filename="RC5key.c" linenumber="38" name="tmp_17_cast" contextFuncName="RC5_SETUP" moduleName="Block__proc4" rtlName="tmp_17_cast_fu_411_p2" latency="0" BRAM="-1" DSP="-1" FF="0" LUT="15" fileDirectory="D:\RC5key"&gt;&lt;\/item&gt;
<item  id="74" filename="RC5key.c" linenumber="38" name="tmp_19_cast" contextFuncName="RC5_SETUP" moduleName="Block__proc4" rtlName="tmp_19_cast_fu_429_p1" latency="0" BRAM="-1" DSP="-1" FF="-1" LUT="-1" fileDirectory="D:\RC5key"&gt;&lt;\/item&gt;
<item  id="75" filename="RC5key.c" linenumber="38" name="tmp_19_cast6" contextFuncName="RC5_SETUP" moduleName="Block__proc4" rtlName="tmp_19_cast6_fu_432_p1" latency="0" BRAM="-1" DSP="-1" FF="-1" LUT="-1" fileDirectory="D:\RC5key"&gt;&lt;\/item&gt;
<item  id="76" filename="RC5key.c" linenumber="38" name="tmp2" contextFuncName="RC5_SETUP" moduleName="Block__proc4" rtlName="tmp2_fu_417_p2" latency="0" BRAM="-1" DSP="-1" FF="0" LUT="32" fileDirectory="D:\RC5key"&gt;&lt;\/item&gt;
<item  id="77" filename="RC5key.c" linenumber="38" name="tmp_17" contextFuncName="RC5_SETUP" moduleName="Block__proc4" rtlName="tmp_17_fu_423_p2" latency="0" BRAM="-1" DSP="-1" FF="0" LUT="32" fileDirectory="D:\RC5key"&gt;&lt;\/item&gt;
<item  id="78" filename="RC5key.c" linenumber="38" name="tmp_18" contextFuncName="RC5_SETUP" moduleName="Block__proc4" rtlName="tmp_18_fu_435_p2" latency="0" BRAM="-1" DSP="-1" FF="0" LUT="101" fileDirectory="D:\RC5key"&gt;&lt;\/item&gt;
<item  id="79" filename="RC5key.c" linenumber="38" name="tmp_19" contextFuncName="RC5_SETUP" moduleName="Block__proc4" rtlName="tmp_19_fu_440_p2" latency="0" BRAM="-1" DSP="-1" FF="0" LUT="15" fileDirectory="D:\RC5key"&gt;&lt;\/item&gt;
<item  id="80" filename="RC5key.c" linenumber="38" name="tmp_21_cast" contextFuncName="RC5_SETUP" moduleName="Block__proc4" rtlName="tmp_21_cast_fu_446_p1" latency="0" BRAM="-1" DSP="-1" FF="-1" LUT="-1" fileDirectory="D:\RC5key"&gt;&lt;\/item&gt;
<item  id="81" filename="RC5key.c" linenumber="38" name="tmp_20" contextFuncName="RC5_SETUP" moduleName="Block__proc4" rtlName="tmp_20_fu_450_p2" latency="0" BRAM="-1" DSP="-1" FF="0" LUT="101" fileDirectory="D:\RC5key"&gt;&lt;\/item&gt;
<item  id="82" filename="RC5key.c" linenumber="38" name="B_1" contextFuncName="RC5_SETUP" moduleName="Block__proc4" rtlName="B_1_fu_455_p2" latency="0" BRAM="-1" DSP="-1" FF="0" LUT="32" fileDirectory="D:\RC5key"&gt;&lt;\/item&gt;
<item  id="84" filename="RC5key.c" linenumber="36" name="tmp_21" contextFuncName="RC5_SETUP" moduleName="Block__proc4" rtlName="tmp_21_fu_327_p2" latency="0" BRAM="-1" DSP="-1" FF="0" LUT="15" fileDirectory="D:\RC5key"&gt;&lt;\/item&gt;
<item  id="85" filename="RC5key.c" linenumber="36" name="tmp_23" contextFuncName="RC5_SETUP" moduleName="Block__proc4" rtlName="tmp_23_fu_333_p2" latency="0" BRAM="-1" DSP="-1" FF="0" LUT="11" fileDirectory="D:\RC5key"&gt;&lt;\/item&gt;
<item  id="86" filename="RC5key.c" linenumber="36" name="tmp_24" contextFuncName="RC5_SETUP" moduleName="Block__proc4" rtlName="tmp_24_fu_339_p2" latency="0" BRAM="-1" DSP="-1" FF="0" LUT="15" fileDirectory="D:\RC5key"&gt;&lt;\/item&gt;
<item  id="87" filename="RC5key.c" linenumber="36" name="i_5" contextFuncName="RC5_SETUP" moduleName="Block__proc4" rtlName="i_5_fu_345_p3" latency="0" BRAM="-1" DSP="-1" FF="0" LUT="5" fileDirectory="D:\RC5key"&gt;&lt;\/item&gt;
<item  id="88" filename="RC5key.c" linenumber="36" name="j_1" contextFuncName="RC5_SETUP" moduleName="Block__proc4" rtlName="j_1_fu_388_p2" latency="0" BRAM="-1" DSP="-1" FF="0" LUT="10" fileDirectory="D:\RC5key"&gt;&lt;\/item&gt;
&lt;\/annotationInfo&gt;
<annotationInfo>
<\/annotationInfo>
</annotationInfo>
