<stg><name>RC5_SETUP</name>


<trans_list>

<trans id="9" from="1" to="2">
<condition id="0">
<or_exp><and_exp></and_exp></or_exp>
</condition>
</trans>
</trans_list>



<state_list>

<state id="1" st_id="1">

<operation id="3" st_id="1" stage="2" lat="2">
<core></core>
<MemPortIdVec></MemPortIdVec>
<condition id="-1">
<or_exp><and_exp></and_exp></or_exp>
</condition>

<Node id="6" bw="0" op_0_bw="0" op_1_bw="8">
<![CDATA[
codeRepl:3  call fastcc void @Block__proc4([16 x i8]* %K) nounwind

]]></Node>
<StgValue><ssdm name=""/></StgValue>
</operation>
</state>

<state id="2" st_id="2">

<operation id="4" st_id="2" stage="1" lat="1">
<core>NULL</core>
<MemPortIdVec></MemPortIdVec>
<condition id="-1">
<or_exp><and_exp></and_exp></or_exp>
</condition>

<Node id="3" bw="0" op_0_bw="0" op_1_bw="32" op_2_bw="0">
<![CDATA[
codeRepl:0  call void (...)* @_ssdm_op_SpecDataflowPipeline(i32 -1, [1 x i8]* @p_str) nounwind

]]></Node>
<StgValue><ssdm name=""/></StgValue>
</operation>

<operation id="5" st_id="2" stage="1" lat="1">
<core>NULL</core>
<MemPortIdVec></MemPortIdVec>
<condition id="-1">
<or_exp><and_exp></and_exp></or_exp>
</condition>

<Node id="4" bw="0" op_0_bw="0" op_1_bw="8">
<![CDATA[
codeRepl:1  call void (...)* @_ssdm_op_SpecBitsMap([16 x i8]* %K) nounwind, !map !40

]]></Node>
<StgValue><ssdm name=""/></StgValue>
</operation>

<operation id="6" st_id="2" stage="1" lat="1">
<core>NULL</core>
<MemPortIdVec></MemPortIdVec>
<condition id="-1">
<or_exp><and_exp></and_exp></or_exp>
</condition>

<Node id="5" bw="0" op_0_bw="0" op_1_bw="0">
<![CDATA[
codeRepl:2  call void (...)* @_ssdm_op_SpecTopModule([10 x i8]* @RC5_SETUP_str) nounwind

]]></Node>
<StgValue><ssdm name=""/></StgValue>
</operation>

<operation id="7" st_id="2" stage="1" lat="2">
<core></core>
<MemPortIdVec></MemPortIdVec>
<condition id="-1">
<or_exp><and_exp></and_exp></or_exp>
</condition>

<Node id="6" bw="0" op_0_bw="0" op_1_bw="8">
<![CDATA[
codeRepl:3  call fastcc void @Block__proc4([16 x i8]* %K) nounwind

]]></Node>
<StgValue><ssdm name=""/></StgValue>
</operation>

<operation id="8" st_id="2" stage="1" lat="1">
<core>NULL</core>
<MemPortIdVec></MemPortIdVec>
<condition id="-1">
<or_exp><and_exp></and_exp></or_exp>
</condition>

<Node id="7" bw="0">
<![CDATA[
codeRepl:4  ret void

]]></Node>
<StgValue><ssdm name=""/></StgValue>
</operation>
</state>
</state_list>


<ports>
<port id="11" name="K" dir="0" iftype="1">
<core>RAM</core><StgValue><ssdm name="K"/><MemPortTyVec>1 3 </MemPortTyVec>
</StgValue>
</port>
<port id="12" name="S" dir="2" iftype="1">
<core>RAM</core><StgValue><ssdm name="S"/><MemPortTyVec>2 3 </MemPortTyVec>
</StgValue>
</port>
</ports>


<dataflows>
<dataflow id="14" from="Block__proc4" to="StgValue_3" fromId="13" toId="3">
</dataflow>
<dataflow id="15" from="K" to="StgValue_3" fromId="11" toId="3">
</dataflow>
<dataflow id="16" from="S" to="StgValue_3" fromId="12" toId="3">
</dataflow>
<dataflow id="18" from="_ssdm_op_SpecDataflowPipeline" to="StgValue_4" fromId="17" toId="4">
</dataflow>
<dataflow id="20" from="StgValue_19" to="StgValue_4" fromId="19" toId="4">
</dataflow>
<dataflow id="22" from="p_str" to="StgValue_4" fromId="21" toId="4">
</dataflow>
<dataflow id="24" from="_ssdm_op_SpecBitsMap" to="StgValue_5" fromId="23" toId="5">
</dataflow>
<dataflow id="25" from="K" to="StgValue_5" fromId="11" toId="5">
</dataflow>
<dataflow id="27" from="_ssdm_op_SpecTopModule" to="StgValue_6" fromId="26" toId="6">
</dataflow>
<dataflow id="29" from="RC5_SETUP_str" to="StgValue_6" fromId="28" toId="6">
</dataflow>
<dataflow id="30" from="Block__proc4" to="StgValue_7" fromId="13" toId="7">
</dataflow>
<dataflow id="31" from="K" to="StgValue_7" fromId="11" toId="7">
</dataflow>
<dataflow id="32" from="S" to="StgValue_7" fromId="12" toId="7">
</dataflow>
</dataflows>


</stg>
