{"sourceFile": [{
      "name": "",
      "directive": [
        {
          "functionName": "RC5_SETUP",
          "label": "",
          "functionLabel": "",
          "pragma": {"name": "INLINE"}
        },
        {
          "functionName": "RC5_SETUP",
          "label": "",
          "functionLabel": "",
          "pragma": {
            "name": "ARRAY_MAP",
            "option": [
              {
                "name": "variable",
                "value": "K",
                "positionalBoolean": "4"
              },
              {
                "name": "horizontal",
                "value": "",
                "positionalBoolean": "mode"
              }
            ]
          }
        },
        {
          "functionName": "RC5_SETUP",
          "label": "",
          "functionLabel": "",
          "pragma": {"name": "LOOP_MERGE"}
        }
      ]
    }]}
