<?xml version="1.0" encoding="UTF-8"?>
<GenRun Id="synth_1" LaunchPart="xc7z010clg400-1" LaunchTime="1542657991">
  <File Type="PA-TCL" Name="RC5_SETUP.tcl"/>
  <File Type="RDS-PROPCONSTRS" Name="RC5_SETUP_drc_synth.rpt"/>
  <File Type="REPORTS-TCL" Name="RC5_SETUP_reports.tcl"/>
  <File Type="RDS-RDS" Name="RC5_SETUP.vds"/>
  <File Type="RDS-UTIL" Name="RC5_SETUP_utilization_synth.rpt"/>
  <File Type="RDS-UTIL-PB" Name="RC5_SETUP_utilization_synth.pb"/>
  <File Type="RDS-DCP" Name="RC5_SETUP.dcp"/>
  <File Type="VDS-TIMINGSUMMARY" Name="RC5_SETUP_timing_summary_synth.rpt"/>
  <File Type="VDS-TIMING-PB" Name="RC5_SETUP_timing_summary_synth.pb"/>
  <FileSet Name="sources" Type="DesignSrcs" RelSrcDir="$PSRCDIR/sources_1">
    <Filter Type="Srcs"/>
    <File Path="$PPRDIR/Block_proc4.vhd">
      <FileInfo>
        <Attr Name="UsedIn" Val="synthesis"/>
        <Attr Name="UsedIn" Val="simulation"/>
      </FileInfo>
    </File>
    <File Path="$PPRDIR/Block_proc4_L.vhd">
      <FileInfo>
        <Attr Name="UsedIn" Val="synthesis"/>
        <Attr Name="UsedIn" Val="simulation"/>
      </FileInfo>
    </File>
    <File Path="$PPRDIR/Block_proc4_S.vhd">
      <FileInfo>
        <Attr Name="UsedIn" Val="synthesis"/>
        <Attr Name="UsedIn" Val="simulation"/>
      </FileInfo>
    </File>
    <File Path="$PPRDIR/RC5_SETUP.vhd">
      <FileInfo>
        <Attr Name="UsedIn" Val="synthesis"/>
        <Attr Name="UsedIn" Val="simulation"/>
      </FileInfo>
    </File>
    <Config>
      <Option Name="DesignMode" Val="RTL"/>
      <Option Name="TopModule" Val="RC5_SETUP"/>
      <Option Name="TopAutoSet" Val="TRUE"/>
    </Config>
  </FileSet>
  <FileSet Name="constrs_in" Type="Constrs" RelSrcDir="$PSRCDIR/constrs_1">
    <Filter Type="Constrs"/>
    <File Path="$PPRDIR/RC5_SETUP.xdc">
      <FileInfo>
        <Attr Name="UsedIn" Val="synthesis"/>
        <Attr Name="UsedIn" Val="implementation"/>
      </FileInfo>
    </File>
    <Config>
      <Option Name="ConstrsType" Val="XDC"/>
    </Config>
  </FileSet>
  <Strategy Version="1" Minor="2">
    <StratHandle Name="Vivado Synthesis Defaults" Flow="Vivado Synthesis 2018">
      <Desc>Vivado Synthesis Defaults</Desc>
    </StratHandle>
    <Step Id="synth_design">
      <Option Id="MoreOptsStr"><![CDATA[-directive sdx_optimization_effort_high -no_iobuf -mode out_of_context]]></Option>
    </Step>
  </Strategy>
</GenRun>
