<?xml version="1.0" encoding="UTF-8"?>
<GenRun Id="impl_1" LaunchPart="xc7z010clg400-1" LaunchTime="1542653277">
  <File Type="OPT-HWDEF" Name="RC5_SETUP.hwdef"/>
  <File Type="ROUTE-BUS-SKEW" Name="RC5_SETUP_bus_skew_routed.rpt"/>
  <File Type="PA-DCP" Name="RC5_SETUP.dcp"/>
  <File Type="BITSTR-BMM" Name="RC5_SETUP_bd.bmm"/>
  <File Type="OPT-METHODOLOGY-DRC" Name="RC5_SETUP_methodology_drc_opted.rpt"/>
  <File Type="INIT-TIMING" Name="RC5_SETUP_timing_summary_init.rpt"/>
  <File Type="ROUTE-PWR" Name="RC5_SETUP_power_routed.rpt"/>
  <File Type="PA-TCL" Name="RC5_SETUP.tcl"/>
  <File Type="OPT-TIMING" Name="RC5_SETUP_timing_summary_opted.rpt"/>
  <File Type="OPT-DCP" Name="RC5_SETUP_opt.dcp"/>
  <File Type="ROUTE-PWR-SUM" Name="RC5_SETUP_power_summary_routed.pb"/>
  <File Type="REPORTS-TCL" Name="RC5_SETUP_reports.tcl"/>
  <File Type="OPT-DRC" Name="RC5_SETUP_drc_opted.rpt"/>
  <File Type="PWROPT-DCP" Name="RC5_SETUP_pwropt.dcp"/>
  <File Type="PWROPT-DRC" Name="RC5_SETUP_drc_pwropted.rpt"/>
  <File Type="PWROPT-TIMING" Name="RC5_SETUP_timing_summary_pwropted.rpt"/>
  <File Type="PLACE-DCP" Name="RC5_SETUP_placed.dcp"/>
  <File Type="PLACE-IO" Name="RC5_SETUP_io_placed.rpt"/>
  <File Type="PLACE-CLK" Name="RC5_SETUP_clock_utilization_placed.rpt"/>
  <File Type="PLACE-UTIL" Name="RC5_SETUP_utilization_placed.rpt"/>
  <File Type="PLACE-UTIL-PB" Name="RC5_SETUP_utilization_placed.pb"/>
  <File Type="PLACE-CTRL" Name="RC5_SETUP_control_sets_placed.rpt"/>
  <File Type="PLACE-SIMILARITY" Name="RC5_SETUP_incremental_reuse_placed.rpt"/>
  <File Type="PLACE-PRE-SIMILARITY" Name="RC5_SETUP_incremental_reuse_pre_placed.rpt"/>
  <File Type="PLACE-TIMING" Name="RC5_SETUP_timing_summary_placed.rpt"/>
  <File Type="POSTPLACE-PWROPT-DCP" Name="RC5_SETUP_postplace_pwropt.dcp"/>
  <File Type="BG-BIN" Name="RC5_SETUP.bin"/>
  <File Type="POSTPLACE-PWROPT-TIMING" Name="RC5_SETUP_timing_summary_postplace_pwropted.rpt"/>
  <File Type="PHYSOPT-DCP" Name="RC5_SETUP_physopt.dcp"/>
  <File Type="PHYSOPT-DRC" Name="RC5_SETUP_drc_physopted.rpt"/>
  <File Type="BITSTR-MSK" Name="RC5_SETUP.msk"/>
  <File Type="PHYSOPT-TIMING" Name="RC5_SETUP_timing_summary_physopted.rpt"/>
  <File Type="ROUTE-ERROR-DCP" Name="RC5_SETUP_routed_error.dcp"/>
  <File Type="ROUTE-DCP" Name="RC5_SETUP_routed.dcp"/>
  <File Type="ROUTE-BLACKBOX-DCP" Name="RC5_SETUP_routed_bb.dcp"/>
  <File Type="ROUTE-DRC" Name="RC5_SETUP_drc_routed.rpt"/>
  <File Type="ROUTE-DRC-PB" Name="RC5_SETUP_drc_routed.pb"/>
  <File Type="BITSTR-LTX" Name="debug_nets.ltx"/>
  <File Type="BITSTR-LTX" Name="RC5_SETUP.ltx"/>
  <File Type="ROUTE-DRC-RPX" Name="RC5_SETUP_drc_routed.rpx"/>
  <File Type="BITSTR-MMI" Name="RC5_SETUP.mmi"/>
  <File Type="ROUTE-METHODOLOGY-DRC" Name="RC5_SETUP_methodology_drc_routed.rpt"/>
  <File Type="ROUTE-METHODOLOGY-DRC-RPX" Name="RC5_SETUP_methodology_drc_routed.rpx"/>
  <File Type="BITSTR-SYSDEF" Name="RC5_SETUP.sysdef"/>
  <File Type="ROUTE-METHODOLOGY-DRC-PB" Name="RC5_SETUP_methodology_drc_routed.pb"/>
  <File Type="ROUTE-PWR-RPX" Name="RC5_SETUP_power_routed.rpx"/>
  <File Type="ROUTE-STATUS" Name="RC5_SETUP_route_status.rpt"/>
  <File Type="ROUTE-STATUS-PB" Name="RC5_SETUP_route_status.pb"/>
  <File Type="ROUTE-TIMINGSUMMARY" Name="RC5_SETUP_timing_summary_routed.rpt"/>
  <File Type="ROUTE-TIMING-PB" Name="RC5_SETUP_timing_summary_routed.pb"/>
  <File Type="ROUTE-TIMING-RPX" Name="RC5_SETUP_timing_summary_routed.rpx"/>
  <File Type="ROUTE-SIMILARITY" Name="RC5_SETUP_incremental_reuse_routed.rpt"/>
  <File Type="ROUTE-CLK" Name="RC5_SETUP_clock_utilization_routed.rpt"/>
  <File Type="ROUTE-BUS-SKEW-PB" Name="RC5_SETUP_bus_skew_routed.pb"/>
  <File Type="ROUTE-BUS-SKEW-RPX" Name="RC5_SETUP_bus_skew_routed.rpx"/>
  <File Type="POSTROUTE-PHYSOPT-DCP" Name="RC5_SETUP_postroute_physopt.dcp"/>
  <File Type="POSTROUTE-PHYSOPT-BLACKBOX-DCP" Name="RC5_SETUP_postroute_physopt_bb.dcp"/>
  <File Type="POSTROUTE-PHYSOPT-TIMING" Name="RC5_SETUP_timing_summary_postroute_physopted.rpt"/>
  <File Type="POSTROUTE-PHYSOPT-TIMING-PB" Name="RC5_SETUP_timing_summary_postroute_physopted.pb"/>
  <File Type="POSTROUTE-PHYSOPT-TIMING-RPX" Name="RC5_SETUP_timing_summary_postroute_physopted.rpx"/>
  <File Type="POSTROUTE-PHYSOPT-BUS-SKEW" Name="RC5_SETUP_bus_skew_postroute_physopted.rpt"/>
  <File Type="POSTROUTE-PHYSOPT-BUS-SKEW-PB" Name="RC5_SETUP_bus_skew_postroute_physopted.pb"/>
  <File Type="BG-BIT" Name="RC5_SETUP.bit"/>
  <File Type="POSTROUTE-PHYSOPT-BUS-SKEW-RPX" Name="RC5_SETUP_bus_skew_postroute_physopted.rpx"/>
  <File Type="BITSTR-RBT" Name="RC5_SETUP.rbt"/>
  <File Type="BITSTR-NKY" Name="RC5_SETUP.nky"/>
  <File Type="BG-BGN" Name="RC5_SETUP.bgn"/>
  <File Type="BG-DRC" Name="RC5_SETUP.drc"/>
  <File Type="RDI-RDI" Name="RC5_SETUP.vdi"/>
  <File Type="WBT-USG" Name="usage_statistics_webtalk.html"/>
  <FileSet Name="sources" Type="DesignSrcs" RelSrcDir="$PSRCDIR/sources_1">
    <Filter Type="Srcs"/>
    <File Path="$PPRDIR/RC5_SETUP.vhd">
      <FileInfo>
        <Attr Name="UsedIn" Val="synthesis"/>
        <Attr Name="UsedIn" Val="simulation"/>
      </FileInfo>
    </File>
    <File Path="$PPRDIR/RC5_SETUP_S.vhd">
      <FileInfo>
        <Attr Name="UsedIn" Val="synthesis"/>
        <Attr Name="UsedIn" Val="simulation"/>
      </FileInfo>
    </File>
    <File Path="$PPRDIR/RC5_SETUP_mux_42_bkb.vhd">
      <FileInfo>
        <Attr Name="UsedIn" Val="synthesis"/>
        <Attr Name="UsedIn" Val="simulation"/>
      </FileInfo>
    </File>
    <Config>
      <Option Name="DesignMode" Val="RTL"/>
      <Option Name="TopModule" Val="RC5_SETUP"/>
      <Option Name="TopAutoSet" Val="TRUE"/>
    </Config>
  </FileSet>
  <FileSet Name="constrs_in" Type="Constrs" RelSrcDir="$PSRCDIR/constrs_1">
    <Filter Type="Constrs"/>
    <File Path="$PPRDIR/RC5_SETUP.xdc">
      <FileInfo>
        <Attr Name="UsedIn" Val="synthesis"/>
        <Attr Name="UsedIn" Val="implementation"/>
      </FileInfo>
    </File>
    <Config>
      <Option Name="ConstrsType" Val="XDC"/>
    </Config>
  </FileSet>
  <Strategy Version="1" Minor="2">
    <StratHandle Name="Vivado Implementation Defaults" Flow="Vivado Implementation 2018">
      <Desc>Default settings for Implementation.</Desc>
    </StratHandle>
    <Step Id="init_design"/>
    <Step Id="opt_design"/>
    <Step Id="power_opt_design"/>
    <Step Id="place_design"/>
    <Step Id="post_place_power_opt_design"/>
    <Step Id="phys_opt_design" EnableStepBool="1"/>
    <Step Id="route_design"/>
    <Step Id="post_route_phys_opt_design"/>
    <Step Id="write_bitstream"/>
  </Strategy>
</GenRun>
